"æ²§å·ä¸€ç”·å­åœ¨ ç™¾åº¦è´´å§â€”â€”æ²§å·å§ å‘å¸–è¢«åˆ¤åˆ‘ï¼",http://tieba.baidu.com/p/4756660664
"åå¹´æ ‘æœ¨ï¼Œç™¾å¹´æ ‘äººï¼å¼ è´µæ™®â€”â€”èº«è¾¹çš„æ­£èƒ½é‡çºªå®ï¼",http://tieba.baidu.com/p/4729641472
"ç™¾åƒä¸‡å¿—æ„¿è€…è€…åœ¨è¡ŒåŠ¨----------ç»“æ ¸ç—…é˜²æ²»æ ¸å¿ƒçŸ¥è¯†",http://tieba.baidu.com/p/4726836464
"çŠ€åˆ©è‚–éªè¯´ï¼šå¥¸æƒ…å°±è¯¥å…¬å¼€æ’• ä»Šå¤©å¤šå¿ä½  å°†æ¥å°±ä¼šå¤šæ¨è‡ªå·±",http://tieba.baidu.com/p/4763393137
"è¿™å¹´å¤´å½“éª—å­ä¸å®¹æ˜“ï¼Œä½†æ˜¯ä½ ä¸èƒ½ä¾®è¾±æˆ‘å•Š",http://tieba.baidu.com/p/4763451530
"å¿ä¸ä½çœ‹äº†å¥½å‡ éï¼Œç¬‘äº†å¥½å‡ å¤©ï¼Œé‚£è›‡åœ¨å¹²ä»€ä¹ˆ",http://tieba.baidu.com/p/4763210470
"å¤«å¦»ç¦»å©šåƒæœ€åä¸€é¡¿é¥­ï¼Œæ„ŸåŠ¨äº†åƒä¸‡äººï¼",http://tieba.baidu.com/p/4762822335
"ç˜¾å›å­ç«Ÿç„¶å°†å¦»å­é€ç»™å¤ªç›‘ï¼å®è¡Œä¸¤å¤«ä¸€å¦»ï¼",http://tieba.baidu.com/p/4747495550
"æƒ³åˆ°è¿™ç¢—é«˜é¢œå€¼å‰©ç±³é¥­çš„é€†è¢­ï¼Œå¥½åƒçš„è®©äººæƒ³èˆ”å±ï¼æ›´å¤šç²¾å½©ç¾é£Ÿè§†é¢‘",http://tieba.baidu.com/p/4763277692
"è¿™é¦–æƒ…æ­Œï¼Œå®åœ¨å¤ªç¾å¤ªå¥½å¬äº†ï¼Œé€ç»™å¤©ä¸‹æœ‰æƒ…äººï¼",http://tieba.baidu.com/p/4762956755
"ç¾å¥³é…’å§ç¿»å”±è¶…å¥½å¬çš„ã€Šèµ°åœ¨å†·é£ä¸­ã€‹",http://tieba.baidu.com/p/4762955711
"å°ä¼™å­å¼€ç€æ‘©æ‰˜è½¦å»å…¬å¸é­èµ¶èµ°ï¼Œå½“å¾—çŸ¥æ˜¯æ–°è‘£äº‹é•¿åæ€åº¦å¤§è½¬å˜",http://tieba.baidu.com/p/4763263681
"æ–‡å¤«äººä¸ºäº†é™·å®³åŒ…æ‹¯ä¸æƒœç ¸æ–­è‡ªå·±åŒè…¿ï¼Œä¸æ–™å››é¬¼å‡ºç°æ•‘ä¸‹åŒ…æ‹¯",http://tieba.baidu.com/p/4762787508
"2016å¹´9æœˆ2æ—¥ æ˜ŸæœŸäº”ï¼Œå¤®è§†æ—©é—´å¤©æ°”é¢„æŠ¥",http://tieba.baidu.com/p/4762932987
"å†œæ‘é‡ŒåŠç™½å–œäº‹ 15å²å°å­©ä¸€é¦–æ­Œ æ‘é‡Œäººå…¨éƒ¨è·Ÿç€å“­äº†ï¼.",http://tieba.baidu.com/p/4762858500
"9æ¡ç‹—å¤§æˆ˜ä¸€å¤´é‡çŒªï¼Œåœºé¢å¤±æ§",http://tieba.baidu.com/p/4763420956
"æ°‘é—´ç¥æŠ€ï¼Œåšé¥ºå­çš®ä¸ç”¨æ“€é¢æ–",http://tieba.baidu.com/p/4763150835
"è‚¯å®šæœ‰äººç”¨ï¼Œè€Œä¸”è¶Šæ¥è¶Šå¤š",http://tieba.baidu.com/p/4754982996
"ã€Šå¯»é—«é”é³Œé’»æ³•å¾‹çš„ç©ºé—´å¸¦ç½ªé€ƒé¿ã€‹èº«ä»½è¯132927197412",http://tieba.baidu.com/p/4763585645
"è‘¡è„",http://tieba.baidu.com/p/4763584759
"è¿™è´´å§ç°åœ¨éƒ½æ²¡æ³•çœ‹æ¥",http://tieba.baidu.com/p/4763453590
"æˆ‘ç»ˆäºæˆ˜èƒœçš‚æ³»ï¼Œæ„Ÿè§‰è‡ªå·±é‡ç”Ÿäº†ä¸€æ¬¡ä¸€èˆ¬ï¼Œç”Ÿæ´»ä¸Šäº†æ­£è½¨",http://tieba.baidu.com/p/4762070115
"å…¬å®‰å±€é•¿é™ªé¢†å¯¼ç»™é…’åº—å‰ªå½© ç»“æœå…¬å®‰å±€é•¿æŠŠé…’åº—è€æ¿æŠ“äº†",http://tieba.baidu.com/p/4763298618
"çœ‹è¿™çš®è™¾æ–°é²œä¸",http://tieba.baidu.com/p/4763143681
"æ²§å·è¿æ²³åŒºè€ååŒ—é™„è¿‘æœ‰æ²¡æœ‰å•èº«å…¬å¯“ï¼Ÿï¼Ÿï¼Ÿ",http://tieba.baidu.com/p/4763453064
"å–èº«",http://tieba.baidu.com/p/4763243357
"ä»ä»Šæ™šå è°æ¥æ²§å·å§éª‚æˆ‘å…„å¼Ÿå§ä»¬ æˆ‘å°±å–·å“­ä½ ",http://tieba.baidu.com/p/4763555800
"ã€Šç¬¬1æ’­æŠ¥ã€‹é¢åŒ…è½¦å½“è¡—è‡ªç‡ƒ è¢«çƒ§é¢ç›®å…¨é",http://tieba.baidu.com/p/4763563299
"ç¾å¥³ç›¸äº²ç¬¬ä¸€å¥è¯å°±é—®ä½ æœ‰æˆ¿å—",http://tieba.baidu.com/p/4763428163
"å®…å¥³ä¹Ÿæ—¶é«¦ 5åˆ†é’Ÿå‡è…°ç˜¦è…¹å®¤å†…å‡è‚¥æ“æ•™ç¨‹",http://tieba.baidu.com/p/4763143005
"ç”·å­é©¾GTRä¸Šè·¯é£™è½¦ï¼Œé‡åˆ°éš§é“å°±è¿«ä¸åŠå¾…åœ°ç‚¸äº†èµ·æ¥",http://tieba.baidu.com/p/4763077705
"æ´—æ¶¤æ—¥åŒ–æŠ€æœ¯åŸ¹è®­ç­",http://tieba.baidu.com/p/4759596760
"ç”·å­åœ¨é‡å¤–æ”¾ç‰› ç«Ÿæ‹ä¸‹æ¤­åœ†çŠ¶ç–‘ä¼¼UFOç‰©ä½“",http://tieba.baidu.com/p/4763516700
"åƒå¹´ç¥é¾Ÿå¤§æˆ˜èŸ’è›‡ï¼Œé«˜äººçœ‹è§åï¼Œæ‚Ÿå‡ºç»ä¸–æ­¦åŠŸ",http://tieba.baidu.com/p/4763440997
"åå¹´å‰ç»å…¸ç¥æ›²ã€Šé¦™æ°´æœ‰æ¯’ã€‹ï¼Œå¾ˆå¤šå¥³äººå¬äº†æ„ŸåŒèº«å—",http://tieba.baidu.com/p/4763339052
"è€å¤ªå¤ª18å¹´ç”Ÿ8ä¸ªå¥³å„¿ï¼Œä¸€å‡ºåœºä¸»æŒäººéƒ½æƒŠè®¶äº†",http://tieba.baidu.com/p/4763075876
"ç–¯ç‹‚ç§‘å­¦å®éªŒé›†é”¦ å¾®åš@çˆ·çˆ±æ€€æ—§ #çˆ·çˆ±æ€€æ—§#",http://tieba.baidu.com/p/4763138523
"æ‹›è˜",http://tieba.baidu.com/p/4763575421
"ä¸­å›½ç¥ç§˜ä¹°å®¶21äº¿ä¹°ä¸‹ä¸–ç•Œæœ€è±ªåé£æœº å†…éƒ¨æƒŠå‘†",http://tieba.baidu.com/p/4763105980
"ã€éæ–½ç“¦è¾›æ ¼çš„â€œç»ˆç»“è€…â€ã€‘æ²¡æœ‰Duang~Duang~Duan",http://tieba.baidu.com/p/4763574804
"40å¤šå²å•èº«å¥³è€æ¿æ€æ½®èµ·ä¼ï¼Œè¿½æ±‚ä¸“å±ç”·å¸æœºï¼Œå‡ºå°½å„ç§æ‰‹æ®µï¼",http://tieba.baidu.com/p/4763558642
"ç»“å©šè¿™ä¹ˆå¤šå¤©äº†ï¼Œè¿™ä½æ–°å¨˜è·Ÿä¸ˆå¤«åœ¨ä¸€èµ·è¿˜æ˜¯ä¼šå®³ç¾ï¼",http://tieba.baidu.com/p/4763366098
"ã€Šä¸­å›½æ˜Ÿè·³è·ƒã€‹å‘¨éŸ¦å½¤&ä½•å†² ç”·å¥³æ··åŒæŒ‘æˆ˜ä¸‰ç±³æ¿",http://tieba.baidu.com/p/4763121369
"æ¸…æ´é¡¾é—®",http://tieba.baidu.com/p/4763573742
"æç¬‘åˆé›†ç¬¬ä¸€å­£ï¼Œç¬‘åˆ°å–·é¥­",http://tieba.baidu.com/p/4763088700
"æ²¼æ³½åœ°æŒ–å‡ºæ£ºæï¼Œæ‰“å¼€åçœ‹åˆ°æƒŠäººçš„ä¸€å¢“",http://tieba.baidu.com/p/4763072981
"æ²§å·ä½æˆ¿å…¬ç§¯é‡‘åœåŠï¼Œæ˜¯ä¸æ˜¯è¦æœ‰æ–°æ”¿ç­–å‡ºå°",http://tieba.baidu.com/p/4634082840
"æ²§å·ä¸œä¸‹é«˜é€Ÿç›´æ¥åˆ°307å›½é“å—",http://tieba.baidu.com/p/4763532757
"é”¤å­ç¡¬æŠ—æ¶²å‹æœºï¼Œä¾§é¢é¡¶ä½äº†ï¼Œæ­£é¢åˆšä¸ä½å•Š",http://tieba.baidu.com/p/4762784037
"ç”±æ¨å‡Œå‘åæ–¤çŒ•çŒ´æ¡ƒåˆ°æ²³åŒ—éœ€å¤šé’±é‚®è´¹ï¼Ÿ",http://tieba.baidu.com/p/4763571870
"9ï½10æœˆæ²§å·æœ‰å›´æ£‹æ¯”èµ›å—",http://tieba.baidu.com/p/4763571753
"è¯šæ‹›ï¼šè´´å§è§†é¢‘ã€æ—©æ³„ã€ç§ƒå¤´åˆ å¸–ä¸“èŒä¸“å‘˜ä¸‰å",http://tieba.baidu.com/p/4762896313
"å–µä¸»å„¿  çœ‹æœ•ä¸ºä½ ç­‰æ‰“ä¸‹çš„ä¸€ç‰‡å¤§å¥½æ±Ÿå±±",http://tieba.baidu.com/p/4763566153
"æ€¥ç”¨é’± å¸‚é‡Œæœ‰ä»€ä¹ˆå…¼èŒæ˜¯å¯ä»¥æ—¥ç»“æˆ–è€…å‘¨ç»“çš„å—",http://tieba.baidu.com/p/4763480462
"æ²§å·ä¸­å¿ƒåŒ»é™¢é™„è¿‘éª—å±€æ­ç§˜",http://tieba.baidu.com/p/4756068212
"å–å¤©æˆå’Œå›­VIPå¡",http://tieba.baidu.com/p/4763471891
"æ²§å·å¥½åƒçš„å·æ¹˜èœï¼Œæ±‚æ¨èã€‚",http://tieba.baidu.com/p/4763559841
"ã€Šä»™å®¶ç®—å‘½å©šå§»è´¢è¿èº«ä½“ã€‹",http://tieba.baidu.com/p/4763090785
"ä¸‡èƒ½çš„è€ä¹¡ä»¬ï¼Œæ²§å·å“ªä¸ªå•†å¦è¡£æœ",http://tieba.baidu.com/p/4763555059
"é’å¿å—è¡—æˆ·å£å¯ä»¥åœ¨é‚£ä¹°æˆ¿å—",http://tieba.baidu.com/p/4763557316
"2016å¹´æ²§å·å§äºŒæ‰‹ç‰©å“è½¬è®©å¸–å­",http://tieba.baidu.com/p/4385923796
"å“ªä¸ªå¥½å•Š",http://tieba.baidu.com/p/4761335441
"æ˜¨å¤©åˆšé¢†è¯",http://tieba.baidu.com/p/4745422191
"å”å±±å«è®¡å§”ä¸¾è¡Œçš„DGRSä¼šè®®åœ¨ä»€ä¹ˆåœ°æ–¹ä¸¾è¡Œ",http://tieba.baidu.com/p/4763546365
"æ²§å·å‡ºç§Ÿè½¦æ”¶è´¹æ ‡å‡†",http://tieba.baidu.com/p/4682439897
"ã€æ±‚æ‰©æ•£ã€‘è€è‹—åŒ»ä¸€ä¸ªæŠ€å·§ï¼Œè®©ä½ æé«˜æˆ¿äº‹æ—¶é—´90%ä»¥ä¸Š",http://tieba.baidu.com/p/4763543661
"å”®åˆ·å¡æœºï¼éœ€è¦çš„èµ¶ç´§è”ç³»æˆ‘å§",http://tieba.baidu.com/p/4763543544
"åƒè¿‡é¥­çš„å‡ºæ¥å—¨å§",http://tieba.baidu.com/p/4762215285
"å…¬ä¼—å·å¼€å‘è¯·è”ç³»æˆ‘ğŸ˜ŠğŸ˜ŠğŸ˜Š",http://tieba.baidu.com/p/4502772150
"éƒ½æœ‰é‚£ä¹ˆä¸€ä¸ªäºº",http://tieba.baidu.com/p/4763282071
"æ”¶å”®äºŒæ‰‹è½¦çš„å°æœ‹å‹",http://tieba.baidu.com/p/4763537516
"ä»–å¦ˆçš„åœ¨å·¥åœ°ä¸Šç­çœŸä¸é¡ºå¿ƒ",http://tieba.baidu.com/p/4762990707
"æ²³åŒ—ä¿Šå®‡ç‡ƒæ°”é”…ç‚‰æ€§èƒ½æ€ä¹ˆæ ·",http://tieba.baidu.com/p/4763154495
"æœ‰æƒŠå–œç­‰ä½ å¥¥",http://tieba.baidu.com/p/4761424107
"è¥¿è¾¹å“ªä¸ªå°åŒºè¿˜æœ‰æˆ¿å­å‘€",http://tieba.baidu.com/p/4763530356
"å·´å“¥å°ç‹—å­å‡ºå”®",http://tieba.baidu.com/p/4763527424
"åˆ†äº«è‡ªå·±å¤šå¹´çš„æ³¡å¦ç»å…¸ï¼Œéœ€è¦çš„è‡ªå·±æ¥å–",http://tieba.baidu.com/p/4759794644
"è¿å®¾è·¯ä¸Šèƒ½å·¦æ‹å—äº²ä»¬ï¼Ÿæ±‚å‘ŠçŸ¥",http://tieba.baidu.com/p/4763332419
"å„ä½å§å‹ï¼Œè¯·é—®æœ‰çŸ¥é“çˆ±å§†è’‚ç”µå­å‚çš„å—",http://tieba.baidu.com/p/4763517332
"æµ·æ´‹ä¹‹æ˜Ÿæ´—æ¾¡å¶é‡äº†ï¼Œæœ‰æ²¡æœ‰å•Šã€‚",http://tieba.baidu.com/p/1943862444
"å¾¡å®‡å›½é™…",http://tieba.baidu.com/p/4762565271
"åˆå®‰",http://tieba.baidu.com/p/4763330411
"çŸ³å®¶åº„ç§‘æŠ€å¤§å­¦å¥½å—",http://tieba.baidu.com/p/4763517662
"å„ä½æœ‹å‹ï¼Œæ²§å·è®¢å©šä¸€èˆ¬ç»™å¤šå°‘é’±ï¼Ÿ",http://tieba.baidu.com/p/4749397654
"æ²§å·å¸‚é‡Œå“ªé‡Œå¯ä»¥æ‰“ç½‘çƒ",http://tieba.baidu.com/p/4763419452
"æ²§å·è´­ä¹°å£æŒ‚ç‚‰åº”è¯¥æ³¨æ„å“ªäº›é—®é¢˜",http://tieba.baidu.com/p/4763510408
"å‡ºç§Ÿæˆ¿",http://tieba.baidu.com/p/3650138253
"åœ¨å“ªå¯ä»¥ä¹°åˆ°é£æœºåœºçš„CADå›¾å’Œæ•ˆæœå›¾",http://tieba.baidu.com/p/4763474146
"å„ä½å§å‹ï¼Œæ²§å·ä»€ä¹ˆå·¥ä½œèƒ½æŒ£é’±å¤šç‚¹ã€‚",http://tieba.baidu.com/p/4759837418
"æ²³åŒ—ç§‘æå¤§å­¦ç†å·¥å­¦é™¢è½»åŒ–å·¥ç¨‹ä¸»è¦ä»äº‹ä»€ä¹ˆæ ·å·¥ä½œ",http://tieba.baidu.com/p/4763494784
"ç”Ÿæ—¥å¿«ä¹ï¼",http://tieba.baidu.com/p/4762630293
"æœ‰æ²¡æœ‰ä¸€èµ·æŠ¥åå­¦é©¾ç…§çš„",http://tieba.baidu.com/p/4756126047
"å¥åº·ä¸€ä¸ªå­©å­ï¼Œæˆå°±ä¸€ä¸ªå®¶åº­",http://tieba.baidu.com/p/4763488591
"ä¸€ä½è¶…ç¾æˆäººå½±æ˜Ÿçš„è‡ªç™½",http://tieba.baidu.com/p/4762763348
"æƒ³ç»™å®å®ä¹°ä»½ä¿é™© å®å®ä»Šå¹´ä¸¤å²",http://tieba.baidu.com/p/4763488264
"æœ‰åŠè´·æ¬¾çš„å—ï¼Œå‡­èº«ä»½è¯ï¼Œæ‰‹æœºå·ï¼Œå°±å¯è´·6000/20000,åƒ",http://tieba.baidu.com/p/4763487408
"æ²³åŒ—æ²§å·æµ·å…´æ˜†é¸¿é¥²æ–™ä¼ä¸šè¿è§„ç”Ÿäº§å¦‚ä½•æŠ•è¯‰",http://tieba.baidu.com/p/4763481253
"å–å¤©æˆå’Œå›­VIPå¡",http://tieba.baidu.com/p/4763478759
"ç»ç’ƒæ°´ç»ç’ƒæ°´",http://tieba.baidu.com/p/4761200839
"åçˆ±å® ç‰©é—¨è¯Šæ‹›æŠ¤å£«ï¼Œå®ä¹ ç”Ÿï¼Œå–œæ¬¢å°åŠ¨ç‰©è¿›",http://tieba.baidu.com/p/4758102256
"æœ‰äº†åƒåœ¾ç®±ç¯å¢ƒå°±çœŸçš„å¥½äº†å—ï¼Ÿ",http://tieba.baidu.com/p/4763439592
"è¿™ç¯æ€ä¹ˆæ‹†ï¼Ÿ",http://tieba.baidu.com/p/4763468043
"å¤§å­¦çª—å£æ‹›ç§Ÿ",http://tieba.baidu.com/p/4763468041
"å¤©æˆå’Œå›­æ€ä¹ˆæ ·å•Š",http://tieba.baidu.com/p/4742212879
"ç”µå½±é›†ç»“å·å¥½çœ‹å˜›ï¼Œå¤§å­¦å•¥æ„æ€å•Š",http://tieba.baidu.com/p/4763466194
"æ±‚åŠ©ï¼Œæ²§å·æœè£…æ‰¹å‘å¸‚åœºæœ‰å‡ ä¸ªå•Šï¼Œ",http://tieba.baidu.com/p/4763328193
"è¯·é—®é…·å°šç½‘å§åœ¨å“ªï¼Ÿ èƒ½åœ¨åœ°å›¾ä¸Šæˆªä¸ªå›¾ä¹ˆï¼Ÿ ä¸å¤ªç†Ÿ",http://tieba.baidu.com/p/4763093350
"æ²§å·å‹‡å£«æ‹“å±•å™¨æ¢°æœ‰é™å…¬å¸éª—å­å…¬å¸å·²ç»æ˜­ç„¶è‹¥æ­",http://tieba.baidu.com/p/4138160484
"æˆ¿å±‹è½¬è®©",http://tieba.baidu.com/p/4763451888
"LOLçº³å°”å˜å¤§åäº”åªçå­è½è’è€Œé€ƒï¼æ„¤æ€’çš„çº³å°”ä¸€è·¯å°†äº”ç›²åƒ§å‡»æ€",http://tieba.baidu.com/p/4762754692
"æ²³åŒ—ä¸‰å°æœ‰åšç”·å¼ä¼‘é—²é‹çš„å—ï¼Ÿå¥½ç‚¹è´¨é‡çš„ã€‚",http://tieba.baidu.com/p/4763449313
"é•¿å®‰åŒºè°ˆå—è·¯12å·åº§å…¬äº¤è½¦æ€ä¹ˆèµ°",http://tieba.baidu.com/p/4763444046
"æ¢§æ¡æ ‘",http://tieba.baidu.com/p/4733663589
"ä¿å®šé›„å¿å“ªæœ‰å–åä¸ºå¨å«ç”µå™¨çš„",http://tieba.baidu.com/p/4763436657
"æ€¥å‡ºå”®ä¸€è¾†2015æ¬¾å¥”è…¾B50ï¼Œ2015å¹´11æœˆè´­å…¥",http://tieba.baidu.com/p/4763436611
"æµ·æ´‹ä¹‹æ˜ŸæŒ‰æ‘©æŠ€å¸ˆéƒ½ä»–å¦ˆå¤ªä¸æ•¬ä¸šäº†ã€‚",http://tieba.baidu.com/p/3620743486
"é»‘å¿ƒå•†æˆ·ä½•ä»¥å¦‚æ­¤çŒ–ç‹‚?",http://tieba.baidu.com/p/4398691123
"æ‹›è˜",http://tieba.baidu.com/p/4763432066
"å¤§å®¶å¥½ï¼Œæˆ‘æ˜¯ä½ ä»¬çš„æ–°å§ä¸»é˜¿ä¼Ÿ",http://tieba.baidu.com/p/4763322022
"å› å¤©çŒ«è½¬è®©æ¸…ä»“ä¸€æ‰¹æ±½è½¦ç”¨å“ï¼Œæ¸…ä»“ç”©éƒ½æ˜¯å“ç‰Œè´§ï¼",http://tieba.baidu.com/p/4758545262
"é‚£ä¸ªå§å‹å€Ÿä¸ªçˆ±å¥‡è‰ºä¼šå‘˜ç”¨ç”¨",http://tieba.baidu.com/p/4763426791
"æ²³åŒ—ä¸‰å°å“ªä¸ªé‹å‚åšå‹è£…æ¬¾ï¼Ÿä¼‘é—²çš®é©é‹ã€‚",http://tieba.baidu.com/p/4763426039
"æƒ³ ç”¨ æ‰‹ æœº åš ç”Ÿ æ„ ç•™ å¾® ä¿¡ æˆ‘ åŠ  ä½ ",http://tieba.baidu.com/p/4763424887
"æ²§å·å¸‚åŒ—ç¯å®‰å¹³é©¾æ ¡",http://tieba.baidu.com/p/4763424637
"è¿‡ç˜¾è¿‡ç˜¾å“ˆå“ˆå“ˆ",http://tieba.baidu.com/p/4763420816
"è¯·é—®å±±æµ·å…³å“ªé‡ŒåŠ å·¥é‡‘é“¶é¦–é¥°",http://tieba.baidu.com/p/4763418486
"æ‹›è˜å¦“ç”·â€¦",http://tieba.baidu.com/p/4763359660
"ä¹°æ–°è¡£æœå•¦ï¼ç¾å¥³ä»¬å¸®æˆ‘çœ‹çœ‹ï¼é…å•¥é‹å¥½çœ‹å‘¢ï¼Ÿ",http://tieba.baidu.com/p/4762226604
"å¿«ä¹è¦æœ‰æ‚²ä¼¤ä½œé™ªï¼Œé›¨è¿‡åº”è¯¥å°±æœ‰",http://tieba.baidu.com/p/4733148345
"å¥½å§é‚£ä½ å‘¢",http://tieba.baidu.com/p/4762165540
"èµ°åˆ°å¼€å­¦å­£",http://tieba.baidu.com/p/4756594856
"æ²³åŒ—çœå—å®«å¸‚å´æ‘ä¹¡ç¥å´æ‘çš„è¥¿åŒ—æ˜¯ä»€ä¹ˆåŸå¸‚",http://tieba.baidu.com/p/4763402080
"çŸ³å®¶åº„ç‰ä¹¾å•†è´¸æœ‰é™å…¬å¸é è°±å—ï¼Ÿ",http://tieba.baidu.com/p/4762482137
"èš‚èšèŠ±å‘—å¤§å®¶æœ‰å¤šå°‘é˜¿ã€",http://tieba.baidu.com/p/4253373352
"ã€è½¬è½½ã€‘è¿™ä¸ªå°åæ–¹æ²»liÃ¡oé˜³èçšæ³»å¾ˆç®¡ç”¨(è½¬è½½)",http://tieba.baidu.com/p/4760007565
"ã€è½¬è½½ã€‘è¿™ä¸ªå°åæ–¹æ²»liÃ¡oé˜³èçšæ³»å¾ˆç®¡ç”¨(è½¬è½½)",http://tieba.baidu.com/p/4758752044
"æ±‚èŒæ‹›è˜ï¼ˆ9æœˆï¼‰ä¸“ç”¨è´´",http://tieba.baidu.com/p/4761432151
"å¾å©šå¥³ï¼Œ28ï¼Œç¦»å¼‚æ— å­©å­ï¼Œæœ‰è½¦",http://tieba.baidu.com/p/4763157359
"éƒ½æ˜¯ç¤¾ä¼šäºº åå­—è·¯å£ä¸å‡é€Ÿé…¿è½¦ç¥¸ åŒæ–¹ä¸‹è½¦å°±å¼€æ‰“",http://tieba.baidu.com/p/4762740445
"çŸ³å®¶åº„é˜³å…‰å•†åŠ¡é…’åº—åˆ°çŸ³å®¶åº„ç†å·¥èŒä¸šå­¦é™¢åè½¦æ–¹ä¾¿å—",http://tieba.baidu.com/p/4763390366
"æœ‰å‚åŠ æ²§å·äº‹ä¸šç¼–é¢è¯•çš„å—ï¼Ÿéƒ½æ˜¯å’‹å‡†å¤‡çš„ï¼Ÿ",http://tieba.baidu.com/p/4763363808
"ã€è½¬è½½ã€‘è¿™ä¸ªå°åæ–¹æ²»liÃ¡oé˜³èçšæ³»å¾ˆç®¡ç”¨(è½¬è½½)",http://tieba.baidu.com/p/4762681786
"å› å·¥ä½œæ— æ—¶é—´ç…§é¡¾ï¼Œå‡ºå”®å®¶ä¸­çˆ±çŠ¬é‡‘æ¯›ï¼ˆ5ä¸ªæœˆå¤§ï¼‰",http://tieba.baidu.com/p/4710255387
"æ„Ÿè°¢å§å‹å¯¹æˆ‘çš„ä¿¡ä»»",http://tieba.baidu.com/p/4762955808
"æ²§å·å“ªé‡Œæœ‰å­¦èˆè¹ˆçš„å•Š",http://tieba.baidu.com/p/4763381064
"çŸ³å®¶åº„ä¼˜æ­¥è½¦ä¸»ä¹‹å®¶æ€ä¹ˆä¸‹è½½",http://tieba.baidu.com/p/4763379861
"ç¾å¥³å¸¦ç€ä¸ªé€ å‹æ€ªå¼‚çš„é’é“œå™¨å»é‰´å®šï¼Œä¸“å®¶ç§°ä¸€çº§æ–‡ç‰©ï¼Œå¤ªçè´µäº†ã€‚",http://tieba.baidu.com/p/4762735313
"å¯¹å®¤å‹åšè¿™ä¹ˆè´±çš„äº‹ç«Ÿç„¶è¿˜æ´»ç€ï¼",http://tieba.baidu.com/p/4762730077
"æ™šä¸Šæœ‰æ—¶é—´å»æ“åœºè¿åŠ¨å—ã€‚ã€‚ï¼Ÿï¼Ÿï¼Ÿ",http://tieba.baidu.com/p/4763375017
"90åå¢™ç»˜ã€åé…’é…é€",http://tieba.baidu.com/p/4760541566
"æˆ‘åšçš„éƒ½æ˜¯æµ·æ¾œä¹‹å®¶æ­£å“å‰ªæ ‡çš„è¡£",http://tieba.baidu.com/p/4758510164
"æ‰¾é©¾æ ¡",http://tieba.baidu.com/p/4763370235
"ä»–åˆšåˆšæ‰“çš„å­¦ç”Ÿçš„è€çˆ¸æ˜¯é»‘å¸®ï¼Œå¿ƒä¸­ä¸€ä¸‡åªè‰æ³¥é©¬åœ¨å¥”è…¾å•Šï¼",http://tieba.baidu.com/p/4762730449
"æ™šä¸Š12ç‚¹åˆ°çŸ³å®¶åº„æ­£å®šæœºåœºå»çŸ³å®¶åº„ç«è½¦ç«™å’‹å»å•Šï¼Ÿ",http://tieba.baidu.com/p/4763361574
"ç‰¹ç§å…µçš„å¥³å„¿åœ¨å­¦æ ¡è¢«ç”·åŒå­¦æ¬ºè´Ÿï¼ŒåŠä¸ªç­ç”·ç”Ÿéƒ½ä¸å¤Ÿæ‰“ï¼Œå‰å®³",http://tieba.baidu.com/p/4745377907
"å”å±±äºŒä¸­é™„è¿‘å“ªé‡Œæœ‰å–å……ç”µå®çš„ï¼Ÿ",http://tieba.baidu.com/p/4763321999
"æ‰‹æŠŠæ‰‹ä¸¨è¶…è¯±æƒ‘å¤èœï¼Œå¤å‡ºæ¥çš„ç¾å‘³é¦‹å€’ä½ ï¼å­¦ä¼šå°±æ˜¯ä¸€é—¨æ‰‹è‰º",http://tieba.baidu.com/p/4748341496
"çŸ¥é“çš„å›ä¸ªè¯",http://tieba.baidu.com/p/4763358423
"â€¦â€¦",http://tieba.baidu.com/p/4763353850
"è¯·é—®ï¼Œå¤§å®¶ç”¨è¿‡çš„æœ€å®æƒ çš„æ‰‹æœºå¡",http://tieba.baidu.com/p/4758593801
"æ²³åŒ—å¸æ³•è­¦å®˜èŒä¸šå­¦é™¢çŸ³å®¶åº„æ ¡åŒºæ–°ç”Ÿç”¨å¸¦æ•å¤´å—",http://tieba.baidu.com/p/4763350206
"æ–°åŒºè­¦å¯Ÿå±€æ‹›è­¦å¯Ÿ100ä¸ªäºº",http://tieba.baidu.com/p/4763348961
"æ²³åŒ—ç«‹é©¬ç”µåŠ¨è½¦æœ‰gpså—,æ€ä¹ˆç”¨",http://tieba.baidu.com/p/4763337513
"åŸæ¥æ²§å·å§ä¹Ÿæ²¦é™·äº†",http://tieba.baidu.com/p/4763228232
"æ±‚è´­äºŒæ‰‹æ·è¾¾å‰å«ä¸€è¾†",http://tieba.baidu.com/p/4763329875
"ä¸Šç­å¤ªå¿™ï¼Œè”»è¾°ä»£ç†ä¸åšäº†ï¼Œè¿˜å‰©ä¸€æ‰¹è´§ä»£ç†ä»·ç”©äº†",http://tieba.baidu.com/p/4763044957
"æ±‚åŠ©",http://tieba.baidu.com/p/4763073873
"ç§¦çš‡å²›ç‡•å±±å¤§å­¦é‡Œæœ‰æ´—è½¦çš„å—",http://tieba.baidu.com/p/4763325953
"å¦‚æ­¤å¯çˆ±çš„æˆ‘ä½ ä¸æ¥æ’©å—",http://tieba.baidu.com/p/4763323352
"æ‰¾ä¸ªçŸ¥å†·çŸ¥çƒ­çš„",http://tieba.baidu.com/p/4756611595
"ç°åœ¨æœ€ç«çš„ç¾é£Ÿ---å†°å¡å†°å¡æ»‹è›‹å­",http://tieba.baidu.com/p/4761763989
"ä¿å®šè½©å®‡ä¸€æ±½å¤§ä¼—åº—å·¥èµ„æ€ä¹ˆæ ·ã€‚æˆ‘æƒ³å»é‚£é‡Œå·¥ä½œã€‚",http://tieba.baidu.com/p/4763316740
"é‡‘æ¯›ï¼Œæ‹‰æ‹‰ï¼Œæ³°è¿ªï¼Œå¯å¡æ‰¾æ–°å®¶",http://tieba.baidu.com/p/4763228550
"å“ªä½å§å‹çŸ¥é“æ²§å·åˆ°ç§¦çš‡å²›çš„æ±½è½¦",http://tieba.baidu.com/p/4763290988
"ä¸€é¦–è¶…å¸¦æ„Ÿçš„è‹±æ–‡æ­Œï¼Œæœ‰å¤šå°‘äººå¬è¿‡ï¼Ÿ",http://tieba.baidu.com/p/4762699736
"ç‹æ—­[æ—­æ—¥é˜³åˆš]-éº»é›€.çŒ®ç¤¼åŒ—æ¼‚çš„ä½ ",http://tieba.baidu.com/p/4762698765
"æ±‚åŠ©å•Šå•Šå•Šï¼ï¼ï¼åœ¨çº¿ç­‰ï¼",http://tieba.baidu.com/p/4763038946
"ä¸­å›½çš„æ³•å¤–ä¹‹åœ°â€”â€”å®‰å›½ï¼ˆ220ä½™æ‘æ°‘å®åæ£€ä¸¾ï¼‰",http://tieba.baidu.com/p/4740135953
"æ±‚åŠ©",http://tieba.baidu.com/p/4762813216
"æ²³åŒ—èšæ·˜ä¼šé è°±å—ï¼Ÿ",http://tieba.baidu.com/p/4763300989
"ï¼ˆå¸®è½¬ï¼‰å¯»äºº",http://tieba.baidu.com/p/4759126100
"æ²³åŒ—è‰ºæœ¯èŒä¸šå­¦é™¢è”ç³»æ–¹å¼æ˜¯å¤šå°‘",http://tieba.baidu.com/p/4763291273
"å›½å¤–ç„Šå·¥æ¼”ç¤ºæ¨ªå‘è§’ç¼ç„Šæ¥ è¿™æ‰‹è‰ºä½ æ‰“å‡ åˆ†ï¼Ÿ",http://tieba.baidu.com/p/4762691709
"èŒœå©·æŠ¤è‚¤å“æ¼‚äº®å—ï¼Ÿ",http://tieba.baidu.com/p/4763287719
"çŒ®å¿å“ªæœ‰å‡ºå«ç”Ÿçº¸çš„",http://tieba.baidu.com/p/4763278931
"ä¹°ä¸ªäºŒæ‰‹è½¦ï¼Œå“ªæœ‰å–çš„ï¼Ÿæœ‹å‹é—®æˆ‘ä¸ºå˜›ä¹°äºŒæ‰‹çš„ï¼Ÿæ²¡é’±",http://tieba.baidu.com/p/4762921644
"æ²³åŒ—åœ°è´¨å¤§å­¦çš„å›¾ä¹¦é¦†é‡Œçš„è‡ªä¹ å®¤ï¼Œå¤–æ ¡çš„äººå¯ä»¥è¿›å»è‡ªä¹ å—ï¼Ÿ",http://tieba.baidu.com/p/4763272070
"æ—©ä¸Šå¥½",http://tieba.baidu.com/p/4762829735
"å¸‚ä¸­å¿ƒåŒ»é™¢é™„è¿‘æœ‰å¿«é€Ÿå……ç”µæ»´åœ°æ–¹",http://tieba.baidu.com/p/4763259742
"ã€‚ã€‚ã€‚",http://tieba.baidu.com/p/4763269598
"å¥½æ¶ˆæ¯ã€‚å¥½æ¶ˆæ¯ã€‚æ‹›äººå•¦",http://tieba.baidu.com/p/4763263605
"æ™’å…”",http://tieba.baidu.com/p/4763082933
"é»„æœæ ‘æ´’æŠŠä¾›ç”µæ‰€çš„ç”µè¯æ˜¯å¤šå°‘",http://tieba.baidu.com/p/4763266287
"å­¦åŒºæˆ¿",http://tieba.baidu.com/p/4763264318
"å‡ºå”®ä¸œé£å•†åŠ¡è½¦",http://tieba.baidu.com/p/4761867260
"ç”·å­åˆšè¦å’Œç¾å¥³åŠäº‹  å¥³å„¿ç«Ÿç„¶çˆ¬çª—è¿›æ¥  è¿™å°±å°´å°¬äº†",http://tieba.baidu.com/p/4762665622
"å¥³ä¾ æƒ¨é­é¬¼å­æ¬ºè´Ÿï¼Œå¿æ— å¯å¿å±•å¼€åå‡»",http://tieba.baidu.com/p/4762665081
"å”å±±èƒ½æºèŒä¸šæŠ€æœ¯å­¦é™¢é™„è¿‘æœ‰400å—é’±çš„æˆ¿å­å‡ºç§Ÿä¹ˆï¼Ÿ",http://tieba.baidu.com/p/4763246939
"å“ªé‡Œæ²»ç–—å¤±çœ æ¯”è¾ƒå¥½",http://tieba.baidu.com/p/4763168399
"æ³Šå¤´å†œå‘è¡ŒèŒå‘˜è®©è€æ¯ç¡å•æ‰€é¥¿é¥­",http://tieba.baidu.com/p/4647989713
"æ²§å·åˆ°æ³Šå¤´åœ¨å“ªåè½¦?",http://tieba.baidu.com/p/4763153556
"å¾®ä¿¡é™„è¿‘äººï¼Œä¸€å¥³çš„åŠ æˆ‘â€¦â€¦ï¼ˆè«éæˆ‘é‡åˆ°å°å§äº†ï¼Ÿï¼‰",http://tieba.baidu.com/p/4255525362
"æ²§å·å¸‚çš„è¯·é€‰æ‹©å¥½çš„é©¾æ ¡ã€‚",http://tieba.baidu.com/p/4724255630
"ä¿å®šé›„å¿å“ªæœ‰å–åä¸ºå¨å«ç”µå™¨çš„",http://tieba.baidu.com/p/4763229808
"æ²§å·å“ªé‡Œèƒ½ç§Ÿå¹¿è”è¾¾é”",http://tieba.baidu.com/p/4763028765
"æœ‰å¼€ç‰›ç¾Šè‚‰è‚‰é“ºçš„å—ï¼Ÿ",http://tieba.baidu.com/p/4763228324
"å¬è¯´ä¸æ˜¯ä¼šå‘˜æ²¡æœ‰äººè·Ÿä½ ç©ã€‚",http://tieba.baidu.com/p/4763185935
"æ²§å·é¸¡çª",http://tieba.baidu.com/p/4763062350
"æ²§å·æ‰¾ç”·äººçº¦",http://tieba.baidu.com/p/4763219230
"ç½‘ç»œéª—å­",http://tieba.baidu.com/p/4763130618
"ç§‹å­£çš„åä¸Šè‰åŸï¼Œå¤§å®¶å¿«æ¥çœ‹çœ‹å§",http://tieba.baidu.com/p/4738782950
"è¯·é—®ä¸€ä¸‹æ²³åŒ—æ²§å·çŒ®å¿æ€€é•‡å¼ é¢–æ‰‹æœºå·æ˜¯å¤šå°‘",http://tieba.baidu.com/p/4762545241
"æœ‰æ²§å·åˆ°ç‡•éƒŠçš„å®¢è½¦å—ï¼Ÿæ±‚è§£ç­”ã€‚",http://tieba.baidu.com/p/4763206024
"ã€æ²§å·å§ã€‘2016æˆ¿å±‹ç§Ÿå”®â€”â€”ä¸“å¸–",http://tieba.baidu.com/p/4748053320
"é‚¯éƒ¸å¸‚æˆå®‰å¿å†œä¸šé“¶è¡Œå¿˜è®°å¯†ç äº†æ€ä¹ˆåŠ?",http://tieba.baidu.com/p/4763181771
"å‹è°Šå¤§è¡—æ–°çŸ³ä¸­è·¯å±äºå“ªä¸ªæ´¾å‡ºæ‰€?",http://tieba.baidu.com/p/4762515432
"æˆ‘ä¸€ç›´ä»¥ä¸ºè£ç››æ¯”å¤©æˆå¥½çš„",http://tieba.baidu.com/p/4763173682
"å¼ åŒ—åä¸Šè‰åŸæœ‰æƒ³å»çš„æœ‹å‹å—",http://tieba.baidu.com/p/4756662188
"ã€æ²§å·å§ã€‘2016æ±‚èŒæ‹›è˜ä¸“è´´ç¬¬ä¸€å­£ï¼ˆ1â€”â€”3æœˆä»½ï¼‰",http://tieba.baidu.com/p/4251742432
"æ²³åŒ—ä½“å½©å¤§ä¹é€å“ªäº›é¤é¥®å‚åŠ ",http://tieba.baidu.com/p/4763167254
"è´´å§çš„å§ä¸»å‘¢ï¼Ÿå°±è®©å‘è§†é¢‘çš„éœ¸å±ï¼Ÿ",http://tieba.baidu.com/p/4762440307
"æ³°å›½åˆºç¬¦æ¼‚äº®å—ï¼Ÿ",http://tieba.baidu.com/p/4763160597
"å“ªé‡Œæœ‰å–æ™¨å…‰çƒ§é¥¼å’Œå§šè€å¤ªçƒ§é¥¼çš„",http://tieba.baidu.com/p/4763157814
"æ²§å·å¤§åŒ–éæ³•è£å‘˜ï¼Œå¤§å®¶æ²¡äº†é¥­ç¢—ä¸ºä»€ä¹ˆä¸åæŠ—ï¼",http://tieba.baidu.com/p/3570440789
"æ—©ä¸Šå¥½",http://tieba.baidu.com/p/4762888958
"çœ‹çœ‹æ¼‚äº®ä¸ï¼Œ",http://tieba.baidu.com/p/4760860423
"ä»çŸ³å®¶åº„ç«è½¦ç«™åˆ°æ²³åŒ—é’å¹´å¹²éƒ¨æ ¡æ‰“çš„å¤šå°‘é’±åˆ°",http://tieba.baidu.com/p/4763143275
"å¼€ä¸ªå¸–å­ï¼å®¶åº­æš´åŠ›æ˜¯ä»–å¦ˆçš„æ— è§£ï¼",http://tieba.baidu.com/p/4762913727
"è“¬å¸ƒå¤§å…¨ï¼Œæ‰å¸ƒå¤§å…¨",http://tieba.baidu.com/p/4763088257
"ä»ç¹å¯ºåˆ°æ˜Œé»å¼€è½¦éœ€å¤šå°‘è¿‡è·¯è´¹",http://tieba.baidu.com/p/4763114352
"ä¿å®šé©¾æ ¡è®¡ä»·åŠæ—¶ä»€ä¹ˆæ—¶é—´æ‰§è¡Œ",http://tieba.baidu.com/p/4763104746
"è½¦ç®¡æ‰€",http://tieba.baidu.com/p/4757245176
"æ‹¼è½¦æ²§å·é«˜é€Ÿå›æ·®é•‡",http://tieba.baidu.com/p/4763099944
"æ”¶è´­è€å®…åœ°åŸºå‡ºåœŸçš„é“œé’± é£æ°´ç”¨å“ä¹Ÿæ”¶è´­ ç”¨äº è°ƒç†é£æ°´ç”¨",http://tieba.baidu.com/p/4744259559
"æ²³åŒ—çœæ²§å·å¸‚ç›å±±å¿å“ªé‡Œæœ‰å–ç”µåŠ¨æ‰“è›‹å™¨çš„ï¼Ÿè°¢è°¢",http://tieba.baidu.com/p/4763093231
"æ²³åŒ—æ°´ä¸“",http://tieba.baidu.com/p/2966380744
"äº§å‡å»¶é•¿åŒ»ä¿è¡¥è´´",http://tieba.baidu.com/p/4673841435
"æ€ä¹ˆéƒ½æ˜¯è§†é¢‘çš„å¸–å­",http://tieba.baidu.com/p/4762545678
"ä¿®ç«¹å½“çª—ç™½æ—¥è¾¾ï¼Œå±±åƒ§å‡ºå®šå®¢æ¥æ—¶",http://tieba.baidu.com/p/4762967145
"ä¸­åˆ1ç‚¹å·¦å³æ²§å·å»å”å±±ä¸°å—åŒºè”åˆå¤§å­¦",http://tieba.baidu.com/p/4763085505
"æ²§æˆ¿ç»çºªåˆéš¾äººï¼ï¼ï¼",http://tieba.baidu.com/p/927284337
"å¤§æµ·",http://tieba.baidu.com/p/4660294906
"æ—©å®‰ ä¹æœˆ",http://tieba.baidu.com/p/4761223239
"å¥½æƒ³å¤§å“­ä¸€æ¬¡",http://tieba.baidu.com/p/4760508546
"å¥³éª—å­3ä¸ªè´´å§IDã€3ä¸ªQQå·ç ä¸Šæ¼”çš„åŒç°§æˆï¼",http://tieba.baidu.com/p/4758057828
"æœ¨ä¸­ç‹å®æœ¨å®¶å…·",http://tieba.baidu.com/p/4763073606
"æ¸¤æµ·æ–°åŒºå…¬å®‰åˆ†å±€åˆåŒåˆ¶å·¡ç‰¹è­¦æ‹›è˜å…¬å‘Š",http://tieba.baidu.com/p/4763072679
"ã€è‡ªå­¦æ‘„å½±ã€‘æ‹äº†ä¸¤å¹´å‘¼ä¼¦è´å°”è‰åŸäº†ï¼Œæ±‚æŒ‡ç‚¹",http://tieba.baidu.com/p/4550395109
"æ‰¾å¿«é€’",http://tieba.baidu.com/p/4761505871
"è¯·é—®å„ä½æœ‰æˆåŠŸç”³è¯·å¼€é€šå…‰å¤§ä¿¡ç”¨å¡çš„å—",http://tieba.baidu.com/p/4761189601
"å½©é’¢å–·æ¼†",http://tieba.baidu.com/p/4763066409
"ç»¿æ„å½’å®¶è£…é¥°",http://tieba.baidu.com/p/4763063799
"æ²§å·æœ‹å‹å¸®å¿™ï¼Œå“ªé‡Œæœ‰æ—©å¸‚çƒ­é—¹ç‚¹çš„",http://tieba.baidu.com/p/4761475219
"æ²³åŒ—é£ä¹æ‚¬æŒ‚çŠæ€ä¹ˆæ ·ï¼Ÿè°¢è°¢å•¦ï¼",http://tieba.baidu.com/p/4763061130
"è¯·æ”¿åºœç»™äºˆä¸€ä¸ªåˆç†çš„ç­”å¤ï¼Œè¿˜å†œæ°‘ä¸€ä¸ªæ˜ç™½",http://tieba.baidu.com/p/4762932414
"å •èƒå©´çµå¦‚ä½•æŠ¥å¤æ¯äº²ä¸çˆ¶äº²åŒæ–¹",http://tieba.baidu.com/p/4761677324
"ä¹°ç‚¹æµ·é²œ",http://tieba.baidu.com/p/4762998695
"æ²§å·è¯šä¿¡ç‰©æµæ€ä¹ˆæ ·å•Š",http://tieba.baidu.com/p/4763056182
"3Dï¼šç”·å­è£¸ä½“æŠ¢åŠ«3å•èº«å¥³ å¹¿åœºèˆå¤§å¦ˆå˜007è¿½è¸ª",http://tieba.baidu.com/p/4762486197
"ä¼—å’Œå‡¤å‡°åŸäºŒæœŸçš„æˆ¿å­æ€ä¹ˆæ ·",http://tieba.baidu.com/p/4763054850
"æ„Ÿæ…¨",http://tieba.baidu.com/p/4763051827
"è¿™å¦¹å­æ˜¯æ€ä¹ˆäº†ï¼Ÿå±Œä¸...",http://tieba.baidu.com/p/4762475732
"æ±‚äº‘å—æ—…æ¸¸æ”»ç•¥ï¼ï¼ï¼ï¼",http://tieba.baidu.com/p/4763043483
"æ²§å·",http://tieba.baidu.com/p/4763044571
"å©¶å©¶è¯¾å ‚å¼€è¯¾äº†",http://tieba.baidu.com/p/4759094660
"ç¾å¥³ä¹°è¡£æœå«Œè´µè¢«åº—å‘˜é„™è§†ï¼Œç”·å‹åˆ°åé˜”æ°”çš„å…¨éƒ¨ä¹°ä¸‹",http://tieba.baidu.com/p/4762468408
"æ²§å·å­¦è½¦å­¦å®Œè¦å¤§æ¦‚å¤šå°‘é’±ï¼Œæ±‚è€å¸æœºè§£ç­”ä¸€ä¸‹",http://tieba.baidu.com/p/4762955238
"æœ‰è·‘æ²§å·éƒ‘å·çš„è½¦å—ï¼Ÿ",http://tieba.baidu.com/p/4763010974
"ç§‘ä¸‰ä¸æ‡‚å¾—å¯ä»¥éšæ„å’¨è¯¢",http://tieba.baidu.com/p/3569350285
"å£å‘³ç»æ‘†ï¼šå¤é¸¡çˆªã€ç‰›è‚‰ç­‰è¿˜æœ‰å„ç±»é¦™è‚ ~å°ç”Ÿæ„åšèµ·æ¥ï¼",http://tieba.baidu.com/p/4759967207
"å¤æ°´é…±åˆ¶å“ï¼Œå­¦ä¼šå°±æ˜¯æ‰‹è‰ºï¼Œè‡ªå·±å®¶åƒæˆ–åšç‚¹ç”Ÿæ„éƒ½è¡Œ",http://tieba.baidu.com/p/4753106791
"å©šå§»è°ƒæŸ¥ï¼Œå¤–é‡å…‹æ˜Ÿï¼Œå€ºåŠ¡äººè¿½æŸ¥ï¼Œæˆ‘ä»¬å¯ä»¥å¸®ä½ ",http://tieba.baidu.com/p/4759637668
"æ€ä¹ˆä¸ªæƒ…å†µ å…¨æ˜¯è§†é¢‘ï¼Ÿè¿˜éƒ½æ˜¯ä»Šæ—¥å¤´æ¡ä¸Šçš„ï¼ï¼",http://tieba.baidu.com/p/4763004951
"è°­ç»´ç»´æ¼”å”±ä¼šé—¨ç¥¨ï¼å“ªä¸ªå‚»é€¼åˆ æˆ‘å¸–å­ï¼Ÿä½ å¦ˆå’Œé€¼çš„éªšåŒ…æ˜¯å§ï¼Ÿæµªçš„ï¼Ÿ",http://tieba.baidu.com/p/4762902209
"æ²§å·å“ªæœ‰å–æ‹‰å¸ƒæ‹‰å¤šçš„ï¼Ÿ",http://tieba.baidu.com/p/4763001608
"æ°¸å¹´æ´ºé˜³æ‘æœ‰ä¸ªçå­ç®—å‘½çš„è°çŸ¥é“ï¼Œæ˜¯è¥¿æ´ºé˜³æ‘è¿˜æ˜¯ä¸œæ´ºé˜³æ‘",http://tieba.baidu.com/p/4763000654
"ä¹æœˆæ¥åˆ°ï¼Œåˆå¼€å§‹æ‹›ç”Ÿäº†ã€‚",http://tieba.baidu.com/p/4761210832
"éª—å­è½¦ã€‚è´§ä¸»ä»¬æ³¨æ„äº†ã€‚",http://tieba.baidu.com/p/4762884864
"æ—©ï¼çˆ±ç¬‘çš„å¥³å­©çº¸è¿æ°”æ€»æ˜¯ä¸ä¼šå¤ªå·®",http://tieba.baidu.com/p/4762897595
"ç¾å¥³è¶´å¥½äº†ï¼Œè¿™æ¬¡å°±è®©ä½ çœ‹çœ‹æˆ‘çš„å‰å®³",http://tieba.baidu.com/p/4762419759
"ä¸“ä¸šæµ‹ç®—å©šå§»æ„Ÿæƒ…å­å¥³ï¼Œäº‹ä¸šè´¢è¿å‰å‡¶ç¥¸ç¦ï¼Œé˜´é˜³å®…é™¢æ¥¼å…å¸ƒç½®é£æ°´æ—¶",http://tieba.baidu.com/p/4759466175
"å¯»äººå¯äº‹ã€‚",http://tieba.baidu.com/p/4429284796
"ä»å®å¤å›æ—è‡ªæ²»åŒºåˆ°æ²³åŒ—æ²§å·æ²¿é€”æœ‰å“ªäº›æ™¯è§‚",http://tieba.baidu.com/p/4762984292
"å”®åˆ·å¡æœºï¼éœ€è¦çš„èµ¶ç´§è”ç³»æˆ‘å§ï¼",http://tieba.baidu.com/p/4762983386
"ä¸‡èƒ½çš„å§å‹ä»¬ï¼è°æœ‰å¤§ç‹—ä»”æˆ‘æ±‚å‡ ",http://tieba.baidu.com/p/4762976790
"å‡¯è¿ªç¯è‰ºè£…é¥°è®¾è®¡ç»™ç‹®åŸçˆ¶è€é€ç¦åˆ©äº†",http://tieba.baidu.com/p/4739498870
"çŸ³å®¶åº„æ–°ååŒºé¡ºä¸°å¿«é€’ç”µè¯æ˜¯å¤šå°‘",http://tieba.baidu.com/p/4762973564
"å§å‹ä»¬è°æ˜¯åšä»£åŠè¿‡æˆ·è¿™ç±»æ´»çš„ï¼Ÿ",http://tieba.baidu.com/p/4762628467
"æˆ‘ä¹°çš„å¤©æ´¥åˆ°å¹¿å·çš„ç«è½¦ç¥¨ï¼Œè¯·é—®åœ¨æ²§å·å¯ä»¥å‡ºç¥¨ä¸Šè½¦å—ï¼Œ",http://tieba.baidu.com/p/4762964588
"é—®ä¸ªå·¥ä½œ",http://tieba.baidu.com/p/4762971393
"å—çš®è”é€šæ¬ºéª—æ¶ˆè´¹è€…ï¼Œå¤šæ”¶è´¹",http://tieba.baidu.com/p/4762971233
"æ‹›è˜",http://tieba.baidu.com/p/4762970615
"ä¹°é¸Ÿ",http://tieba.baidu.com/p/4762939243
"ã€çˆ†ç…§ã€‘æƒ³è®¤è¯†ä¸€ä½çº¯çº¯å¼Ÿå¼Ÿæœ¬äºº22å²ã€‚",http://tieba.baidu.com/p/4762962828
"æ²³åŒ—æ²§å·å“ªé‡Œæœ‰å­¦æ±½è½¦ç¾å®¹çš„åœ°æ–¹",http://tieba.baidu.com/p/4762960228
"ä¸‡èƒ½çš„å§å‹ã€‚å’±æ²§å·å“ªæœ‰å­¦æ±½è½¦ç¾å®¹è£…å…·çš„ï¼Ÿ",http://tieba.baidu.com/p/4706332773
"å‡ºä¸€ä¸ªé—²ç½®",http://tieba.baidu.com/p/4762120744
"æ ‡é¢˜è¢«åƒäº†",http://tieba.baidu.com/p/4760701362
"åˆä¸­æ¯•ä¸šçš„å¥³ç”Ÿèƒ½å»çŸ³å®¶åº„æ–°ä¸œæ–¹å­¦è¥¿ç‚¹å—",http://tieba.baidu.com/p/4762940386
"å¤©æˆçš„å…¬å¸å‡ºä¸‘äº‹ï¼ï¼",http://tieba.baidu.com/p/4725628707
"æ²§å¿èŒ¶æ£šæœ‰ä¸ªç”·å­©æ­»äº†ï¼",http://tieba.baidu.com/p/4745697664
"å†€jub503æ˜¯å“ªé‡Œçš„è½¦",http://tieba.baidu.com/p/4762933028
"é“è‰ºé—¨å¸‚è½¬è®©",http://tieba.baidu.com/p/4753612084
"ä¸€å¤©ä¸€ç¬‘è¯",http://tieba.baidu.com/p/4762823073
"ä¼ºå€™ç‹—æ¯”ä¼ºå€™äººè¿˜éº»çƒ¦",http://tieba.baidu.com/p/4762235921
"å†œå®¶ä¹æ¬¢è¿æœ‹å‹ä»¬å…‰ä¸´æŒ‡å¯¼ã€‚",http://tieba.baidu.com/p/4762918557
"æœ¨ç“œæå¹²",http://tieba.baidu.com/p/4760346951
"æ›å…‰ä¸€å®¶å® ç‰©åº—å–ç—…ç‹—ç»™å®¢æˆ·ï¼ï¼ï¼ï¼",http://tieba.baidu.com/p/4748558898
"ã€æ¯å‘¨ä¹ä¸€ä¹ã€‘",http://tieba.baidu.com/p/4762909080
"ä¸‰æ˜Ÿå¹³æ¿",http://tieba.baidu.com/p/4762907120
"å©´å„¿ç•Œå¥³ç¥ï¼è´¾é™é›¯æ™’å¥³å„¿å¥èº«æ´—æ¾¡ç…§å‘†èŒå¯çˆ±",http://tieba.baidu.com/p/4762040219
"æ²§å·ä¸­ç§‘çš®è‚¤ç—…åŒ»é™¢æ˜¯å¤§éª—å­ï¼Œå¤§",http://tieba.baidu.com/p/4544830966
"æ²³åŒ—çœä¼ä¸šç¤¾ä¼šè´£ä»»ä¿ƒè¿›ä¼šå…¬ç›ŠåŠåœ¨æ²§å·æ‹›å‹Ÿå¿—æ„¿è€…å’Œå¿—æ„¿å›¢ä½“äº†",http://tieba.baidu.com/p/4762902053
"å¾®åšIDæ¬¢è¿äº’ç²‰",http://tieba.baidu.com/p/4760925976
"å…»çªå°ç‹—å¥½è´¹å¿ƒå•Š",http://tieba.baidu.com/p/4762395701
"å¯»äºº-å…šäº‘é¦™",http://tieba.baidu.com/p/4713842863
"æ²³åŒ—ä»€ä¹ˆåœ°æ–¹æœ‰ç§å¤¹ç«¹æ¡ƒ",http://tieba.baidu.com/p/4762177654
"æœ€è¿‘è¦ç»™å­©å­ä¹°å¥¶ç²‰äº†ï¼Œæœ‰éœ€è¦é¡ºå¸¦å¾·å›½ä¸œè¥¿çš„äº²å—ï¼Ÿ",http://tieba.baidu.com/p/4762891257
"ææ¸…æµ·ææ°ä½ å…¨å®¶ä¸å¾—å¥½æ­»ï¼ï¼ï¼ï¼ï¼",http://tieba.baidu.com/p/4684045274
"æ—©å®‰å§å‹ä»¬",http://tieba.baidu.com/p/4762817532
"ä¹æœˆä¸€å·  å¼€å­¦äº†",http://tieba.baidu.com/p/4761261484
"ä½ ä»¬çŸ¥é“ä¹ˆ æˆ‘çˆ¸æ˜¯å›½å®¶ä¸»å¸­",http://tieba.baidu.com/p/4762797861
"ç°åœ¨çš„è´´å§ç²½ä¹ˆå•¦",http://tieba.baidu.com/p/4762870840
"ã€é—²æ¥æ— äº‹ã€‘æ‰’ä¸€æ‰’æˆ‘åœ¨ç«è‘¬åœºä¸Šç­çš„é‚£äº›äº‹â€¦â€¦",http://tieba.baidu.com/p/4711935445
"æ—©ä¸Šå¥½",http://tieba.baidu.com/p/4761154311
"æ²§å·æ³•å…°ç®¡ä»¶äº¤æµç¾¤6969640",http://tieba.baidu.com/p/1042328785
"æ²§å·å“ªé‡Œæœ‰ç®—å‘½çš„å™»ï¼Ÿçœ‹å¾—æ¯”è¾ƒå¥½çš„ã€‚",http://tieba.baidu.com/p/3789777438
"æœ¬äººæ±‚ç§Ÿæ»¨æµ·å°å­¦å¹³æˆ¿ï¼Œè¯·ä¸ªä½è½¬",http://tieba.baidu.com/p/4762864118
"çŸ³å®¶åº„ç§‘æŠ€å¤§å­¦å®¶è®¿ä¸€èˆ¬éƒ½æœ‰ä»€è€å¸ˆä¹ˆå†…å®¹è€å¸ˆå’Œå®¶äººè°ˆä»€ä¹ˆå†…å®¹ä¸€èˆ¬",http://tieba.baidu.com/p/4762117053
"ä»»ä¸˜åˆ°åšé‡çš„è½¦",http://tieba.baidu.com/p/4762858762
"ä¸€å¤©ä¸€ç¬‘è¯",http://tieba.baidu.com/p/4761132969
"ä¸€å¤©ä¸€ç¬‘è¯",http://tieba.baidu.com/p/4759401792
"æ‰¾äººã€‚",http://tieba.baidu.com/p/4762654063
"æœ€ç¾å‰¯ä¹¦è®°",http://tieba.baidu.com/p/4749474777
"è€å¸æœºæ·±å¤œå‘è½¦ï¼Œç¾¤é‡Œæœ‰ç›´é€šè½¦",http://tieba.baidu.com/p/4762834904
"è¡¡æ°´æ¹–ç¡æ€æ°®48å«é‡è‚¥æ€ä¹ˆæ ·",http://tieba.baidu.com/p/4762046441
"94çš„girlï¼Œåªä¸è¿‡æ˜¯æƒ³å¿ƒä¸­çš„çƒ¦æ¼å†™å‡ºæ¥ï¼Œå‘æ³„ä¸€ä¸‹ã€‚",http://tieba.baidu.com/p/4762830297
"ç¬¬1481å¤©ã€‚å¤œçŒ«å­ä»¬ç­¾åˆ°äº†",http://tieba.baidu.com/p/4762550135
"æ²³åŒ—è½¦ç®¡æ‰€åä¸€èŠ‚å‡æ—¥çš„æ—¶å€™æ–°è½¦èƒ½ä¸Šç‰Œå—",http://tieba.baidu.com/p/4762728513
"æˆé•¿è´´",http://tieba.baidu.com/p/4622897951
"å¯»ç‰©å¯äº‹",http://tieba.baidu.com/p/4762818475
"è½¦æ‰¾äºº",http://tieba.baidu.com/p/4762816384
"æ²³åŒ—çœç‡•éƒŠç§èŠ±ç”Ÿå—",http://tieba.baidu.com/p/4761868773
"è¯´è¯´ä½ ä»¬çš„å¿ƒé‡Œè¯ï¼",http://tieba.baidu.com/p/4762795096
"æ”¶è¾†æ‘©æ‰˜é«˜èµ›",http://tieba.baidu.com/p/4762797089
"ç«ç‘°é¦™è‘¡è„",http://tieba.baidu.com/p/4762799387
"æ²³åŒ—çœå…°æµ·æ˜¯é‚£ä¸ªå¸‚",http://tieba.baidu.com/p/4761655242
"æ­éœ²æ²§å·ä¸€ä¸ªä¼ é”€çªç‚¹",http://tieba.baidu.com/p/4667845068
"æ±‚æŒ‡å¯¼",http://tieba.baidu.com/p/4757455519
"çŸ³å®¶åº„æ–°ååŒºæ™ºåœ£æœªæ¥æ•™è‚²å¹¼å„¿å›­æœ‰ä»€ä¹ˆç‰¹ç‚¹",http://tieba.baidu.com/p/4762725652
"å›½ç½‘æ²³åŒ—åˆ†å…¬å¸å…¥ç½‘çš„10kvå˜å‹å™¨å‚å®¶æœ‰å“ªäº›",http://tieba.baidu.com/p/4761581835
"ç¾å¥³å‹¾æ­å¤§å”ï¼Œç«Ÿç„¶å‹¾å‡ºå¤±è´¥å¾€äº‹ï¼",http://tieba.baidu.com/p/4761125268
"é™•è¥¿ èµ°é”™åŒ…é—´å¼•å£è§’ ä¸¤æ¡Œé£Ÿå®¢å¤§æ‰“å‡ºæ‰‹",http://tieba.baidu.com/p/4761651215
"é™ˆä¹”æ©ã€angelababyç¦»å¼€psè®¤ä¸å‡ºï¼",http://tieba.baidu.com/p/4761988536
"å•ªå•ªå…ˆç”Ÿ ç¬¬18é›†  æˆ‘æƒ³ç”¨è¡ŒåŠ¨æ¥è¡¨ç¤ºæœ‰å¤šçˆ±ä½ ",http://tieba.baidu.com/p/4762130316
"é™ˆå­¦å†¬é™ˆä¼Ÿéœ†æŠ¢æˆ",http://tieba.baidu.com/p/4761984153
"ç”²é±¼å®°æ€è¿‡ç¨‹ï¼Œåˆ¶ä½œæ–¹æ³•",http://tieba.baidu.com/p/4761969789
"ä¸ºäº†é€ƒç¦»ï¼Œä»–é€‰æ‹©äº†ä¸‹æµ·",http://tieba.baidu.com/p/4762073507
"æœ€ç¾è‚šå…œå¥³ç¥ï¼ç« å­æ€¡å€’æ•°æ¨é¢–ç¬¬å››ï¼ç¬¬ä¸€åæ— å¯äº‰è®®ï¼",http://tieba.baidu.com/p/4762168024
"å°åˆ«ç¦»æ‹æ‘„èŠ±çµ®",http://tieba.baidu.com/p/4762154503
"è¿™è¡Œæƒ…çœ‹å¾—â€¦â€¦ä¸å¦‚å¥èº«å»[å–µå–µ]",http://tieba.baidu.com/p/4762152425
"è€æŒçš„å†œæ‘å’ŒåŸå¸‚ï¼Œè½åä¸­å›½ä¸æ­¢30å¹´",http://tieba.baidu.com/p/4762055982
"å¥³å‹åƒé†‹çš„ä¸‹åœºå“ˆå“ˆå“ˆå“ˆå“ˆå“ˆå“ˆæˆ˜æ–—æŒ‡æ•°çˆ†è¡¨",http://tieba.baidu.com/p/4761920168
"è¶£å‘³æ¶ä½œå‰§ï¼Œç¯ä¸­ç¯ è®¡ä¸­è®¡",http://tieba.baidu.com/p/4761997674
"ç”¨ä¸€æŠŠæªç©å‡ºçš„èŠ‚å¥ å¤ªç‰›äº†",http://tieba.baidu.com/p/4762012537
"ç”·å­æ ‘ä¸‹æŒ–äº†ä¸€ä¸ªæ´ï¼Œå±…ç„¶æ…äº†é±¼çªï¼ŒæŒ–å‡ºä¸€æ¡åˆä¸€æ¡çš„é±¼",http://tieba.baidu.com/p/4762180884
"é©¬äº‘å¯¹è¯å¥¥å·´é©¬ï¼Œæ°”åœºä¸å£æ‰ä¸è¾“ç¾å›½æ€»ç»Ÿï¼",http://tieba.baidu.com/p/4761614704
"æ‰‹æ®‹è”èŒçš„ã€Šè¶…çº§é¸¡é©¬ã€‹å¤§æ··æˆ˜",http://tieba.baidu.com/p/4761776721
"ä¸‹å±±å¶é‡â€œç¨‹å’¬é‡‘â€æ‹¦è½¦ ç»“æœè¢«å±±ç¾Šç¾¤æ´—äº†è½¦",http://tieba.baidu.com/p/4762124989
"å°åº¦æœ‹å‹å•Šï¼ŒçœŸæ›¿ä½ çš„èº«ä½“å¥åº·ç€æ€¥ï¼Œéƒ½æ˜¯ç”¨æ‰‹æŠ“çš„å•Šï¼",http://tieba.baidu.com/p/4762111231
"ç§‘å­¦å®¶å°†2å¤´çŒªæ”¾å…¥æµ·é‡Œï¼Œé£Ÿè‚‰çš„å®ƒä»¬å°±ä¸€æ‹¥è€Œä¸Šï¼",http://tieba.baidu.com/p/4761760807
"3Dï¼šå¥³åŒ»å¸ˆæ…æ­»å©†å©†?ä¸ˆå¤«ä¸ºé¿è®³â€œå®¶æš´â€åœ¨æ—æ‹ç…§",http://tieba.baidu.com/p/4761744965
"å¤ªæ±¡äº†ï¼ç‹®å­ä¹ŸæåŸº å››åªé›„ç‹®ç»„å›¢äº¤é…",http://tieba.baidu.com/p/4762097563
"å››ä¸ªæ¶é­”ç”·å­å¼ºæ‰’å¥³å­è¡£æœï¼Œå¥³å­æ— æ³•é¢å¯¹è‡ªå·±ä¸ˆå¤«",http://tieba.baidu.com/p/4762040223
"å§œè¿˜æ˜¯è€çš„è¾£ï¼Œè¿™ç ä»·ä½ æœä¸æœï¼Ÿå­¦åˆ°äº†å§",http://tieba.baidu.com/p/4761886607
"è¿™å­©å­ç»å¯¹æ˜¯å¥¶å¥¶å¸¦å¤§çš„ï¼Œè¿™é¦–æ­Œè¿™ä¸ªç‰ˆæœ¬çš„å¤ªé€—äº†",http://tieba.baidu.com/p/4762238944
"ç²‰ç¢æœºç²‰ç¢é¡¹é“¾ç å®ï¼Œç»“æœä¼šæ€æ ·",http://tieba.baidu.com/p/4761627745
"å¥³å¸æœºå¼€è½¦è‡ªå·±å±…ç„¶æŠŠè‡ªå·±å¼„æ­»äº†ï¼Œå¤ªå¤§æ„äº†",http://tieba.baidu.com/p/4761612260
"è¶…ç–¯ç‹‚çš„ä¿„ç½—æ–¯äººæ°‘ è®©ä½ æ‘¸ä¸ç€å¤´è„‘çš„åœ°é“ç©¿æ­",http://tieba.baidu.com/p/4762238409
"æç¬‘è§†é¢‘åˆè¾‘ï¼Œçœ‹ç€å°±ç¬‘äº†ï¼",http://tieba.baidu.com/p/4762337177
"ã€çŒ´å§†ç‹¬å®¶ã€‘å¦‚æ­¤å¦–å¨†ï¼ç”·æ­Œè¿·ç¥è¿˜åŸå¸ƒå…°å¦®åœ¨VMAä¸Šçš„è¡¨æ¼”â€¦â€¦",http://tieba.baidu.com/p/4761995492
"ã€Šæ·®ç§€ä¸¨æ–°ä½œã€‹Pokemon Go(å£è¢‹å¦–æ€ª) ä¸­å›½ç‰ˆï¼",http://tieba.baidu.com/p/4761854686
"ç©·å°å­è¯»ä¹¦è¢«ç­èŠ±æŠ›å¼ƒï¼ŒåŒå­¦èšä¼šå˜æˆå¯Œè±ªï¼Œç­èŠ±å—ä¸äº†",http://tieba.baidu.com/p/4761979615
"æ±ªæ˜Ÿäººçªé—¯èµ›è½¦é“ èµ›è½¦åŠ é€Ÿå‰è¿›ç«Ÿæ‹¯æ•‘äº†ç‹—ç‹—",http://tieba.baidu.com/p/4762179206
"çš‡ä¸Šé€‰ç§€å¥³ï¼Œç«Ÿæ˜¯è¿™æ ·æ£€æµ‹â€œå¤„å­èº«â€çš„",http://tieba.baidu.com/p/4761790636
"å…«æ—¬è€æ±‰çœ‹ç—…éš¾ï¼Œå­™å­è¯¯å½“å°ç™½é¼ ï¼",http://tieba.baidu.com/p/4762110375
"å¬ç‹å»ºæ—å”±æ‘‡æ»šã€Šå‡è¡Œåƒ§ã€‹ä»€ä¹ˆå‘³é“ï¼Ÿä»–ä¸€äº®å—“å°±æŠŠä¸‡è¾¾é«˜ç®¡ä»¬æƒŠäº†",http://tieba.baidu.com/p/4761604862
"ä¸ºä»€ä¹ˆåˆ«äººæœ‰å¥³æœ‹å‹ï¼Ÿè¯éƒ½ä¸ä¼šè¯´è¿˜æŠŠä»€ä¹ˆå¦¹",http://tieba.baidu.com/p/4761793803
"å°æ—¶å€™ä¸çˆ¶æ¯æ–—æ™ºæ–—å‹‡çš„ç»å…¸æ‹›æ•°",http://tieba.baidu.com/p/4761600532
"<ç¦å»º>æƒŠé™©ç°åœº é…ç”µç®±çŸ­è·¯ç«èŠ±å–·æ¶Œ æ¶ˆé˜²å®˜å…µæ‰‘ç­ç”µå…‰çŸ³ç«",http://tieba.baidu.com/p/4761583892
"æ²¡ç¡çš„å‡ºæ¥èŠä¼š",http://tieba.baidu.com/p/4762540541
"ç¬‘å“­ï¼å‘¨æ˜Ÿé©°å½“å¹´æŠŠè¿™ä¸€ç»å…¸ç‰‡æ®µåˆ é™¤çš„åŸå› æ— äººçŸ¥ï¼Ÿ",http://tieba.baidu.com/p/4759311366
"ç‡•éƒŠæ˜¯æ²³åŒ—çš„ä»£ç®¡å¸‚å—",http://tieba.baidu.com/p/4762639067
"å±±æµ·å…³æœ‰æ²¡æœ‰æ˜ŸæœŸå…­ä¸»é¢˜å®¾é¦†",http://tieba.baidu.com/p/4762633392
"æ‰ä¸€åˆ†é’Ÿå•Šä½ æ˜¯ä¸æ˜¯ä¸è¡Œï¼Ÿæ²¡æƒ³åˆ°ä½ æ˜¯è¿™æ ·çš„æµ·æ¸…ã€‚",http://tieba.baidu.com/p/4761542835
"å¾·ç‰§å€Ÿé…13283202004",http://tieba.baidu.com/p/4762629906
"ä¿å®šä¸­è®¡å­¦æ ¡éƒ½æœ‰ä»€ä¹ˆä¸“ä¸š",http://tieba.baidu.com/p/4762627471
"å¦‚æœä½ çš„lDåå­—å¯ä»¥é‡å‘½åï¼Œå–œæ¬¢å«ä»€ä¹ˆ",http://tieba.baidu.com/p/4759933723
"èŠ±æ ·æ¸¸æ³³åŒäººè‡ªé€‰å†³èµ› ä¸­å›½ç»„åˆè·å¾—é“¶ç‰Œ",http://tieba.baidu.com/p/4761534482
"å¾ˆæ— èŠ",http://tieba.baidu.com/p/4762095300
"<å±±ä¸œ>è‡ªå¼ºåŒèƒèƒå…„å¼ŸåŒåŒè€ƒå…¥ä¸€æœ¬å¤§å­¦",http://tieba.baidu.com/p/4761527072
"æ—©ä¸Šå¥½æœ‹å‹ä»¬ä»Šå¤©æˆ‘ä»¬æ²§å·ç§å®¶ä¾¦æ¢äº‹åŠ¡æ‰€æ­£å¼è¿è¥äº†",http://tieba.baidu.com/p/4323050605
"å¤§å‚åˆ°é©¬å®¶åœ©æ€ä¹ˆåè½¦",http://tieba.baidu.com/p/4762608688
"æ‹›è˜è”é”è¶…å¸‚ç®¡ç†äººå‘˜",http://tieba.baidu.com/p/4762507709
"ç»å¸¸åœ¨å…¬è€ƒä¸­çœ‹åˆ°åœ°å¸‚çº§ä»¥ä¸‹æœºå…³ï¼Œå¿çº§ä»¥ä¸‹æœºå…³ï¼Œè¯·é—®å‰è€…åŒ…å«åœ°å¸‚",http://tieba.baidu.com/p/4762598897
"ç”·å¥³æ­é…ï¼Œå¥èº«ä¸ç´¯",http://tieba.baidu.com/p/4759007584
"å†€h85557è°çš„è½¦ç‰Œå·",http://tieba.baidu.com/p/4762589507
"åŒ—äº¬ä¿å®šåˆ¶è¡£å‚å¤šå—æœé˜³åœ¨åŒ—äº¬å“ªé‡Œ",http://tieba.baidu.com/p/4762578318
"åŠ æ²¹ç«™è¿ç¯ç«çƒ§è½¦ æ¯äº²å‹‡æ•‘å­©å­è„±é™©",http://tieba.baidu.com/p/4761480736
"å¹´ä»…22å²çš„å¯¼æ¸¸ä¸ºæ—…è¡Œç¤¾å–å‘½ å‘½æ²¡è€æ¿å´ä¸èµ”",http://tieba.baidu.com/p/4762318265
"æœ‰æœ¨æœ‰å…¼èŒå¯ä»¥åšå‘€",http://tieba.baidu.com/p/4762516746
"æˆ‘æ˜¯æ²³åŒ—çš„ä¸­èŒç”Ÿæƒ³å‚åŠ é«˜è€ƒã€‚è¯·é—®èƒ½ä¸èƒ½è€ƒæœ¬ç§‘çš„å¤§å­¦ï¼Œå¯ä¸å¯ä»¥è€ƒ",http://tieba.baidu.com/p/4762565253
"å§å‹ä»¬ï¼Œè°ç¼ºç‹—ç¬¼å­ï¼Ÿ",http://tieba.baidu.com/p/4760914599
"æœ¨æœ‰å¥½ç©æ»´",http://tieba.baidu.com/p/4762158378
"æ²§å·çš„å‘å±•",http://tieba.baidu.com/p/4762550494
"æˆ‘äººåœ¨å±±ä¸œå’‹æ ·å¯ä»¥å–æ¶ˆæ²³åŒ—æ‰‹æœºå·38å…ƒæµé‡ç‹",http://tieba.baidu.com/p/4762553088
"å°ç‹åº„è¥¿èŠ±å›­å°å­¦è€å¸ˆè¸…æ–‡å©•ï¼Œç®—ä¸ç®—è¯ˆéª—å©šå§»?",http://tieba.baidu.com/p/4395710799
"ä¸Šæµ·å¤§ä¼—æ²§å·è¿é¹å››å„¿å­åº—æ¬ºè¯ˆæ¶ˆè´¹è€…",http://tieba.baidu.com/p/4709192938
"æ™šä¸Šæœ‰æ—¶é—´å»æ“åœºè¿åŠ¨å—ã€‚ã€‚ï¼Ÿï¼Ÿï¼ï¼",http://tieba.baidu.com/p/4762550977
"éº»çƒ¦é—®ä¸‹å¤§ç¥ä»¬ä¸Šæ±½å¤§ä¼—",http://tieba.baidu.com/p/4757862436
"æœ‰è·‘ä¸¤ä¸‰åƒå…¬é‡Œçš„è¾ƒè½¦å—",http://tieba.baidu.com/p/4758674091
"å‘ä¸€äº›æ— å…³ç—›ç—’çš„è§†é¢‘ï¼Œèƒ½æœ‰ç‚¹ç´ å…»ä¹ˆï¼Ÿ",http://tieba.baidu.com/p/4762546288
"è§†é¢‘åˆæ²¡äººç®¡äº†",http://tieba.baidu.com/p/4762182418
"è¿˜æƒ³ä¹…å˜›ï¼Ÿ",http://tieba.baidu.com/p/4748953472
"ä½ ä»¬å¼€å­¦äº†å—",http://tieba.baidu.com/p/4762432563
"æˆ‘é©¬ä¸Šåœ¨æ²³åŒ—å†œå¤§æ¯•ä¸šï¼Œæ˜¯ä¸“ç§‘ã€‚ä½†æˆ‘æƒ³å½“åˆä¸­è€å¸ˆï¼Œè€ƒæ•™å¸ˆèµ„æ ¼è¯è¡Œ",http://tieba.baidu.com/p/4762540700
"æ²³åŒ—çœçŸ³å®¶åº„å¸‚ä¸‹é©¬åŒºåœ¨ä»€ä¹ˆä½ç½®",http://tieba.baidu.com/p/4762533305
"æ˜æ™šæœ‰æ—¶é—´å»æ“åœºä¸Šè¿åŠ¨å—ï¼Ÿï¼Ÿï¼ï¼ï¼Ÿ",http://tieba.baidu.com/p/4762531217
"è°çŸ¥é“è¿™ä¸ªé£è½¦å“ªä¸ªå…¬å›­æœ‰å•Š",http://tieba.baidu.com/p/4013634637
"è¿™éƒ½æ˜¯ä»€ä¹ˆ",http://tieba.baidu.com/p/4762119563
"å§‘å¨˜ä½ åœ¨å“ªï¼Ÿ",http://tieba.baidu.com/p/4564649830
"ä¸ºä»€ä¹ˆè¾›è¾›è‹¦è‹¦æŒ£çš„é’±å´è¢«æ‰€è°“çš„è€æ¿åäº†ï¼Ÿï¼",http://tieba.baidu.com/p/4665758029
"å…­é—´æˆ¿å†›å›¢é›†ç»“å·æ€ä¹ˆå‘å‡ºå»è§†é¢‘",http://tieba.baidu.com/p/4762522937
"æœ€å–œæ¬¢çš„åœ°æ–¹",http://tieba.baidu.com/p/4650622498
"æ–°ä¸€æ³¢çš„å†œæ‘å¥—è·¯æ¥è¢­ï¼Œå†œæ‘å¾…ä¸ä½æˆ‘è¦å›åŸé‡Œ",http://tieba.baidu.com/p/4761427975
"æ²³åŒ—è¿çº¿ç§‘æŠ€æœ‰é™å…¬å¸æ€ä¹ˆæ ·ï¼Ÿ",http://tieba.baidu.com/p/4762511481
"å‘¨æ°ä¼¦ã€Šå‘Šç™½æ°”çƒã€‹ä¹‹ã€æˆ¿ä»·å¾ˆè´µã€‘é€ç»™æˆ‘ä»¬è¿™äº›ä¸ª æˆ¿å¥´ ä»¬ï¼æœ‰åŒ",http://tieba.baidu.com/p/4761406834
"è§†é¢‘",http://tieba.baidu.com/p/4762509381
"ç§¦çš‡å²›å±±æµ·å…³å¼€å‘åŒºæœ‰æ²¡æœ‰è¿™ä¸ªåœ°æ–¹",http://tieba.baidu.com/p/4762496171
"å¾·ç‰§å€Ÿé…13283202004",http://tieba.baidu.com/p/4762495692
"è¢«NBAå·¨æ˜Ÿç§ä¸èµ· ä»–ä¸€ä¸ªä¸¾åŠ¨è®©å…¨åœºè§‚ä¼—éƒ½é—­å˜´",http://tieba.baidu.com/p/4761387040
"å•†åœºé‡åˆ°ç¾ä¸½çš„æœè£…åº—å‘˜ä½ ä¼šæ€ä¹ˆåŠï¼Ÿå°ä¼™æˆåŠŸæ­è®ªï¼Œä½ ä¸€å®šè¦å­¦ï¼",http://tieba.baidu.com/p/4761384091
"å¤§æ™šä¸Šå¤«å¦»è¿™å«å£°å¤ªè®©äººæµ®æƒ³è”ç¿©äº†ï¼Œéš”å£é‚»å±…éƒ½å¬ä¸ä¸‹å»äº†ï¼",http://tieba.baidu.com/p/4761381567
"è€å©†ï¼Œä½ åœ¨å“ªé‡Œå•Šï¼Ÿ",http://tieba.baidu.com/p/4762075782
"ä»Šå¹´æ²³åŒ—ä¸­å—éƒ¨ç§ä»€ä¹ˆå°éº¦å“ç§æœ€å¥½",http://tieba.baidu.com/p/4762473497
"æœ‰æ²¡æœ‰æ‰¾å·¥ä½œçš„å•Š   æˆ‘æ¥è½¬è½¬   åˆ«åˆ æˆ‘å¸–å­å•Š  æˆ‘ç€æ€¥",http://tieba.baidu.com/p/4762204777
"æ²³åŒ—ä¿å®šå¯¼æ¸¸èµ„æ ¼è¯å»å“ªå„¿å®¡æ ¸",http://tieba.baidu.com/p/4761276633
"é‡‘æ¯›å®å®æ‰¾æ–°å®¶",http://tieba.baidu.com/p/4762384660
"è¦éªŒè½¦äº†",http://tieba.baidu.com/p/4762415080
"ç‚–ç†Ÿäº† æ¥å°å°ï¼Ÿ",http://tieba.baidu.com/p/4758739439
"æ²³åŒ—å»ŠåŠä¸œæ–¹ä¹‹ç KTV55å…ƒå›¢è´­å¯ä»¥åŠ é’±å‡åˆ°å¤§åŒ…å—ï¼Œå¤§åŒ…å¯ä»¥è£…",http://tieba.baidu.com/p/4762458018
"è¿™æ˜¯å“ªå•Šã€‚æ˜¯ä¸æ˜¯æ€äº†äººå…¨å®¶",http://tieba.baidu.com/p/4345978387
"æ²§å¿å¤§è¤šæ‘è”é€šè¥ä¸šå…åº—å¤§æ¬ºå®¢",http://tieba.baidu.com/p/4761352128
"æ¶¿å·ç«è½¦ç«™åˆ°é€šçº¿èƒ¡å„åº„è·¯çº¿",http://tieba.baidu.com/p/4762453160
"çŸ³å®¶åº„æœºåœºçš„ä¿ç¨åŒºå’Œå·¥ä¸šå›­åŒºæ˜¯ä¸€ä¸ªåœ°æ–¹å—?",http://tieba.baidu.com/p/4762446730
"ç§¦çš‡å²›ç¯ä¿ä¸“ç§‘å­¦é™¢å¥½å—",http://tieba.baidu.com/p/4762428768
"æ²³åŒ—çœä¸€åˆ†ä¸ºä¸‰æ˜¯çœŸçš„å—ï¼Ÿ",http://tieba.baidu.com/p/4762437671
"ä¸“ä¸šç²‰åˆ·",http://tieba.baidu.com/p/4762436666
"æ±‚èŒæ‹›è˜ï¼ˆ8æœˆï¼‰ä¸“ç”¨è´´",http://tieba.baidu.com/p/4718929018
"æ€¥æ€¥æ€¥ï¼ï¼ï¼å‡ºå”®è´­ç‰©å¡",http://tieba.baidu.com/p/4762372181
"å¥³å„¿æ´—æ¾¡è§¦ç”µ çˆ¶äº²æ–½æ•‘é‡éš¾",http://tieba.baidu.com/p/4761131228
"æˆ‘å·±è¢«æ²³åŒ—åœ°è´¨å¤§å­¦åä¿¡å­¦é™¢å½•å–ï¼Œä½†åˆ°æ ¡ä¸€çœ‹åˆä¸æƒ³å»",http://tieba.baidu.com/p/4762422416
"5/4è‹ç¾¤",http://tieba.baidu.com/p/4762105418
"åœ°é“6å·çº¿ é†‰é…’é˜¿å”å¤§æˆ˜80å²é˜¿å©†ï¼",http://tieba.baidu.com/p/4761318446
"å¤ªå¹³äººå¯¿",http://tieba.baidu.com/p/4762416665
"æ²§å·å¸‚å“ªæœ‰äºŒæ‰‹è½¦äº¤æ˜“å¸‚åœºï¼æ­£è§„çš„æ£’",http://tieba.baidu.com/p/4759680515
"æ²³åŒ—çœä¿å®šå¸‚æ›²é˜³å¿æ’å·é•‡å´‡å°šæ•™è‚²ä¸­å¿ƒæœ‰è¿™ä¸ªåœ°å€å—ï¼Ÿ",http://tieba.baidu.com/p/4762411563
"æ­£å®—é‡åº†å…«çˆ·é¸¡ç…²æŠ€æœ¯ï¼",http://tieba.baidu.com/p/4587250158
"ä¹°çº¯ç§å°è¾¹ç‰§",http://tieba.baidu.com/p/4762409698
"æ¢è®¿è¢«éª—åƒä¸‡æ¸…åè€å¸ˆå°åŒºï¼šæˆ‘éƒ½æƒ³æŠŠç”µè¯ç»™æ‹†äº†",http://tieba.baidu.com/p/4761303807
"æ²³åŒ—ç¨å‹æ€ä¹ˆè®¾ç½®ä»£ç†ç«¯å£",http://tieba.baidu.com/p/4762399704
"æ˜å¤©æ¥ç€",http://tieba.baidu.com/p/4762398754
"ä¿å®šå†›æ ¡å¹¿åœºè½¦å±•9æœˆ3å·æœ‰è½¦å±•å—",http://tieba.baidu.com/p/4762388419
"æ²¡é’±ä½ è¿˜æ•¢è¿½æˆ‘äº”å…¬é‡Œ",http://tieba.baidu.com/p/4761306209
"è¢«ä¸€ä¸ªæ²§å·çš„éª—å­éª—äº†ï¼Œæ±‚å¸®åŠ©",http://tieba.baidu.com/p/4762385486
"è°ˆè°ˆæ‘é‡Œè´ªå®˜é‚£äº›äº‹",http://tieba.baidu.com/p/4729171521
"äº¤å¼ºé™©åŠ è½¦èˆ¹ç¨ä¼˜æƒ æœ€å¤§å¿—äº”æŠ˜13932713560",http://tieba.baidu.com/p/4758613523
"è¿˜è®°å¾—å‡ å¹´å‰å‡ºè¿‡äº‹çš„å¯Œé•‡ä¸­å­¦å—ï¼Œåˆå‡ºæ–°é²œäº‹å„¿",http://tieba.baidu.com/p/4762379800
"æ²§å·è®°è€…å›å¢æ˜è¯´äººè¯ä¸åŠäººäº‹",http://tieba.baidu.com/p/1853895196
"ä»Šå¤©ä¸‹åˆ4ç‚¹å·¦å³ï¼Œåœ¨æ²§å·é¥­åº—é™„",http://tieba.baidu.com/p/4762376980
"æœ‰å¢™æ”¹æ¢çš„ç”µè¯ä¸",http://tieba.baidu.com/p/4762257847
"æˆ‘å·±è¢«æ²³åŒ—åœ°è´¨å¤§å­¦åä¿¡å­¦é™¢å½•å–ï¼Œä½†åˆ°æ ¡ä¸€çœ‹åˆä¸æƒ³å»äº†ï¼Œæƒ³å›å½“åœ°",http://tieba.baidu.com/p/4762376366
"æˆ‘å«–å¨¼è¢«æŠ“äº†â€¦â€¦
[é»‘çº¿][é»‘çº¿][é»‘çº¿][é»‘çº¿][é»‘çº¿][é»‘",http://tieba.baidu.com/p/4761279466
"æ²§å·å“ªé‡Œå¯ä»¥æ¢è½®æ¯‚",http://tieba.baidu.com/p/4762371481
"çŸ³å®¶åº„ä¸‡è¾¾é™„è¿‘å¥½æ‰¾ç¤¼ä»ªåŸ¹è®­çš„åœ°æ–¹å—",http://tieba.baidu.com/p/4762365306
"æ•é±¼ğŸ äº†",http://tieba.baidu.com/p/4743308370
"é¸¿åŸæˆ¿åœ°äº§ç»çºªæœ‰é™å…¬å¸å·¥ä½œæ€ä¹ˆæ ·",http://tieba.baidu.com/p/4758573076
"æ²³åŒ—çœæœ‰ä¸€ç™¾ä¸ªé•‡è¦è§„åˆ’å»ºè®¾æ˜¯çœŸçš„å—ï¼Ÿ",http://tieba.baidu.com/p/4762360782
"95å¹´å¦¹å­ï¼Œæƒ³å‘å±•ä¸€æ®µä»ç½‘æ‹åˆ°ç°å®çš„çˆ±æƒ…",http://tieba.baidu.com/p/4760858352
"é™•ç†å·¥æœ‰æ²³åŒ—çš„æ–°ç”Ÿå—",http://tieba.baidu.com/p/4762348589
"å¯»æ‰¾æˆ‘é‚£å¤±å»è”ç³»å¤šå¹´çš„å§å§ã€‚ç‹æ˜¥çº¢",http://tieba.baidu.com/p/4762342381
"æ²³åŒ—å†œå¤§è¥¿æ ¡åŒºé‡Œèƒ½æ¢4gå¡å—",http://tieba.baidu.com/p/4762339674
"æˆ‘å¦¹å¦¹å­¦ä¹ ä¸å¥½ï¼Œåˆä¸­æ¯•ä¸šï¼Œèƒ½å»çŸ³å®¶åº„æ–°ä¸œæ–¹å­¦è›‹ç³•å—",http://tieba.baidu.com/p/4762333085
"å¯»åŒ…",http://tieba.baidu.com/p/4762296048
"æ²³åŒ—æˆ·å£æœ¬æœ‰ç¼©å§»è”å—",http://tieba.baidu.com/p/4762325994
"æ²³åŒ—å®šå…´ä¸‰ä¸­æ˜¯äººå¾…çš„åœ°æ–¹å—",http://tieba.baidu.com/p/4762311208
"å¥³æœ‹å‹ä»Šå¹´28æ¯å¤©ä¸ä¸Šç­ï¼Œéƒ½å¿«ä¸¤å¹´äº†ï¼Œå˜´ä¸Šä¸è¯´ä½†æ˜¯æˆ‘å¿ƒé‡Œæœ‰ç‚¹çƒ¦",http://tieba.baidu.com/p/4729220852
"é‚£æˆ‘æ•™ä½ å¥½äº†",http://tieba.baidu.com/p/4762305355
"æ²§å· å“ªé‡Œæœ‰å¹²æ‰‹å·¥æ´»çš„å•Šï¼æ€¥ï¼æ€¥ï¼æ€¥ï¼",http://tieba.baidu.com/p/4761823601
"æœ‰è®¤è¯†ç§å®¶è½¦å‡ºç§Ÿçš„å—",http://tieba.baidu.com/p/4762093943
"é—®ä¸€ä¸‹é¢å’Œå•†åŸäºŒæ¥¼ï¼Œä»€ä¹ˆæ—¶å€™è¥ä¸šï¼Ÿ",http://tieba.baidu.com/p/4762303080
