"å»ŠåŠå§2016å¹´9æœˆä»½ä¾¿æ°‘å¸–å¤§æœ¬è¥",http://tieba.baidu.com/p/4761761998
"ç™¾åº¦å»ŠåŠå§å§è§„ï¼ˆ2015å¹´5æœˆ5æ—¥ä¿®è®¢ï¼‰",http://tieba.baidu.com/p/3744119773
"å…¬å¸ƒä¸€ä¸ªå›ºå®‰çš„ç•œç”Ÿ",http://tieba.baidu.com/p/4763530689
"ä¸ˆå¤«é‡ç”·è½»å¥³ä¸ç»™å­©å­ä¸Šæˆ·å£ï¼Œæˆ‘å­©å­è¯¥æ€ä¹ˆåŠï¼Œè¯·å¸®å¸®æˆ‘å­©å­",http://tieba.baidu.com/p/4762975326
"è¿™æ˜¯çœŸçš„å—ï¼Ÿ",http://tieba.baidu.com/p/4762389934
"æ˜å¤©å°±è¦å»å»ŠåŠäº†",http://tieba.baidu.com/p/4763523493
"æ¥å•Šï¼Œå¿«æ´»å•Šï¼æœ‰æ²¡æœ‰ä¸€ç¬é—´ä½ ä¼šæ„Ÿè§‰çˆ½å¾—é£èµ·æ¥ï¼Ÿ",http://tieba.baidu.com/p/4757162502
"è´´å§æœ‰çœŸçˆ±å—ï¼Œä¸è¦å–·æˆ‘å•Š",http://tieba.baidu.com/p/4762878056
"åº”è´´å§å¤§å§è¦æ±‚",http://tieba.baidu.com/p/4763521555
"å¼€ä¸ªå®¶é•¿ä¼š",http://tieba.baidu.com/p/4763487932
"å¾ˆå–œæ¬¢ä¸€ä¸ªäººååœ¨å…¬äº¤è½¦ä¸Šåˆ°å¤„è½¬",http://tieba.baidu.com/p/4763594257
"å¯Œå£«åº·åˆ°è‘›æ¸”åŸåœ¨å—ç¯è·¯äº¤å£å“ªé‡Œæœ‰é™è¡ŒæŠ“æ‹å—",http://tieba.baidu.com/p/4760783374
"å‘µå‘µï¼Œé“¶è¡Œä¸šéƒ½ä¸å¥½è¿‡äº†ï¼",http://tieba.baidu.com/p/4763560109
"æ²¡å¯¹è±¡",http://tieba.baidu.com/p/4763452509
"å¤§å®¶æ—©ï¼Œæˆ‘æ¥è¯´è¯´è‡ªå·±çœ¼ä¸­çš„ç‚’æˆ¿å®¢ï¼",http://tieba.baidu.com/p/4762811381
"æˆ‘è§‰å¾—å¥³å­©ä¸€å®šè¦æŠŠæ¡å¥½åˆ†å¯¸ã€‚ã€‚",http://tieba.baidu.com/p/4762998893
"æ˜¨å¤©ç©¿èƒŒå¿ƒçŸ­æ¬¾å‡ºæ¥çš„",http://tieba.baidu.com/p/4761763285
"ä»Šå¤©ä¸‹åˆæŒº",http://tieba.baidu.com/p/4763547252
"ä½ ä»¬è®¤é”™äººäº†ï¼Œ",http://tieba.baidu.com/p/4762237837
"éƒ½æ˜¯å¥—è·¯å•Šï¼Œé«˜æ‰‹",http://tieba.baidu.com/p/4763588522
"å»ŠåŠå’Œå”å±±å“ªå¥½",http://tieba.baidu.com/p/4638086293
"ä¸‡è¾¾äºŒå±‚ è¿™ä¸ªå“ç‰Œæ˜¯ä»€ä¹ˆ",http://tieba.baidu.com/p/4760656786
"ä»86æ–¤åƒåˆ°108æ–¤ï¼ï¼",http://tieba.baidu.com/p/4762478419
"é™è¡Œå˜åŒ–",http://tieba.baidu.com/p/4763588093
"ç”·å­æ£®æ—åºŸå¢Ÿæ¢ç§˜ æ‰‹æœºæ‹åˆ°ä¸€å¹•ä»¤äººå‘æ¯›",http://tieba.baidu.com/p/4763557310
"ticwatch 2æ™ºèƒ½æ‰‹è¡¨ä½“éªŒï¼šç»ˆäºè„±ç¦»æ‰‹æœºè¿˜èƒ½æ‰“ç”µè¯",http://tieba.baidu.com/p/4763527371
"ã€æµ‹ç®—ã€‘å»ŠåŠ8æœˆæˆ¿ä»·åŒæ¯”å¢é•¿è¶…6æˆï¼ˆ61.70%ï¼‰å…¨å›½ç¬¬ä¸€",http://tieba.baidu.com/p/4762889963
"ä¸‹åˆå¥½",http://tieba.baidu.com/p/4763407852
"ç°åœ¨ç›–ä¸ªäºŒå±‚æ¥¼ ä¸€å±‚300å¹³ç±³å¤§æ¦‚è¦å¤šå°‘é’±ï¼Ÿ",http://tieba.baidu.com/p/4757206064
"æ®è¯´ä¸€çº¿å§å‹å¤šå°‘éƒ½ä¼šæœ‰äººé»‘",http://tieba.baidu.com/p/4763559058
"å»ŠåŠçƒ­çº¿æ‹›è˜æ€ä¹ˆä¸Šä¸å»äº†",http://tieba.baidu.com/p/4763071783
"åæ¥å¹´æ²¡æ‰“äº†",http://tieba.baidu.com/p/4763578008
"å§ä¸»è¯·é«˜æŠ¬è´µæ‰‹...",http://tieba.baidu.com/p/4666256766
"ç°åœ¨çš„æ¸£å¥³çœŸå¤šï¼Œæˆ‘ä¸€å“¥ä»¬å°±è¿™ä¹ˆè¢«åˆ†æ‰‹äº†ï¼",http://tieba.baidu.com/p/4763549326
"é©¬ä¸Šå¿«å…«æœˆåäº”äº† å°ä¼™ä»¬æœ‰å–œæ¬¢åƒçš®çš®è™¾å’Œæ¢­å­èŸ¹çš„å—ï¼Ÿ",http://tieba.baidu.com/p/4763505671
"æœ‰è®¤è¯†ä»¥å‰è€è´¢è´¸é‚£è¾¹çš„å˜›",http://tieba.baidu.com/p/4763577103
"è¿™ä¸ªç›¸æœºèƒ–ä¹ˆäº†?",http://tieba.baidu.com/p/4762498257
"å»ŠåŠåŸå¸‚æ—ºç‚¹å°åŒºåŒ—é—¨åœè½¦åœº",http://tieba.baidu.com/p/4763391919
"å»ŠåŠåŒ—å°–å¡”æ‘ä»Šå¹´èƒ½æ‹†å—ï¼Ÿ",http://tieba.baidu.com/p/4667973801
"ã€ç²¾ã€‘è°èƒ½åŠå»ŠåŠå‘å±•å¤§å¦çš„åœè½¦å¡å•Šï¼Œæ€¥ï¼ï¼ï¼ï¼ï¼ï¼ï¼ï¼ï¼ï¼ï¼",http://tieba.baidu.com/p/4762904206
"è€å¸æœºæ¥æŠ¥é“",http://tieba.baidu.com/p/4763448796
"æ‰è¿·è—å—ï¼Ÿ",http://tieba.baidu.com/p/4763223438
"çº¦ä¹ˆï½",http://tieba.baidu.com/p/4761702501
"å»ŠåŠæœ‰æ²¡æœ‰æœˆè–ªèƒ½è¶…è¿‡8000çš„å·¥ä½œï¼Ÿ",http://tieba.baidu.com/p/4762606235
"è°æœ‰é¼»ç‚åæ–¹",http://tieba.baidu.com/p/4763349392
"2016å¹´9æœˆä»½---å»ŠåŠå§æ‹›è˜,æ±‚èŒã€åˆä½œä¿¡æ¯ä¸“ç”¨è´´",http://tieba.baidu.com/p/4761748100
"æ±‚åŠ©å•Š",http://tieba.baidu.com/p/4763562964
"çœŸæ˜¯ä¸€çŸ³æ¿€èµ·åƒå±‚æµªå•Š",http://tieba.baidu.com/p/4763309591
"æ¢¦æ¢¦çš„å©å©å’Œå¨èŠ¯ï¼Œç”¨è®¯æ¯å¯ä»¥ç›´æ¥çº¦åˆ°å¥¹",http://tieba.baidu.com/p/4763558314
"é€æ¥é€å»ä¸€ä¸ªä¸ªéƒ½ç¦»å¼€äº†",http://tieba.baidu.com/p/4762921623
"æ—©å®‰",http://tieba.baidu.com/p/4762932570
"å“¼ï½",http://tieba.baidu.com/p/4762735615
"ä¸ºä»€ä¹ˆç”µä¿¡è¯ˆéª—é‚£ä¹ˆå®¹æ˜“å¾—é€ï¼ŸäºŒæ¥¼è‡ªé•‡ï¼",http://tieba.baidu.com/p/4763101004
"è·ŸåŠå…¬å®¤ä¸€å¦¹å­èŠå¤©",http://tieba.baidu.com/p/4762939807
"ä¸å¼€å¿ƒï¼Œåƒæˆ‘ä¸€æŒ",http://tieba.baidu.com/p/4756988723
"å»ŠåŠç››éƒ½æ—¶ä»£å¹¿åœºçš„ä¸šä¸»ä»¬~ä½ ä»¬åœ¨ä¸",http://tieba.baidu.com/p/4763524514
"æˆ‘å»ï¼Œé‚£ä¸ªå¼ æ™¶è¹è¿˜æŒºå¥½çœ‹çš„",http://tieba.baidu.com/p/4763011449
"è”¬èœé¢",http://tieba.baidu.com/p/4763457529
"è€å¦ˆè¢«XXXç†ç–—åºŠæ´—è„‘çš„ä¸è¡Œ æ ¹æœ¬è®²ä¸é€š",http://tieba.baidu.com/p/4758926133
"ä¸€å¼€è´´å§ç«Ÿç„¶å…¨æ˜¯ä¿©äººæå¯¹è±¡çš„äº‹å„¿",http://tieba.baidu.com/p/4761837790
"æœ€è¿‘å’‹è¿™ä¹ˆå¤šè®¨è®ºæˆ¿å­çš„ï¼Ÿ",http://tieba.baidu.com/p/4763526945
"æœ‰æ²¡æœ‰æƒ³åº”è˜æ¨å¹¿çš„",http://tieba.baidu.com/p/4763519557
"ä¸ºäº†å§å‹çš„èº«ä½“",http://tieba.baidu.com/p/4763432087
"ç››éƒ½æ—¶ä»£æ— è‰¯åœ°äº§å•†è·‘è·¯ï¼",http://tieba.baidu.com/p/3688372318
"æ€»ä¼šæœ‰ä¸€ä¸ªäººâ€¦",http://tieba.baidu.com/p/4763196880
"éœ€è¦è¡¥å……èƒ½é‡",http://tieba.baidu.com/p/4763078504
"è°çŸ¥é“å»ŠåŠå“ªèƒ½åšåŒçœ¼çš®å•Šï¼Œæ­£è§„ä¸€ç‚¹çš„ã€‚",http://tieba.baidu.com/p/4359206139
"æ±‚ä½å®¿",http://tieba.baidu.com/p/4763504628
"äº‹å®è¯æ˜æˆ¿ä»·åˆ°äº†18000ï¼",http://tieba.baidu.com/p/4760342929
"è‡ªå·±ä½å®¾é¦†å‘¢ï¼Œæœ‰æ— å®¶å¯å½’çš„å§å‹ä¹ˆï¼Ÿ",http://tieba.baidu.com/p/4762579315
"å¯»æ‰¾äº²åŒå­¦",http://tieba.baidu.com/p/4762951843
"ä½ è¯´ åé‡Œæ¡ƒèŠ± ä¸¤äººä¸€é©¬ åæ¥",http://tieba.baidu.com/p/4763208322
"æƒ³ä¹°å¹³æˆ¿",http://tieba.baidu.com/p/4763037648
"æ²¡æœ‰ä»€ä¹ˆèƒ½é˜»æŒ¡",http://tieba.baidu.com/p/4763396277
"æ±‚æ¨èå·¥ä½œ",http://tieba.baidu.com/p/4763528152
"ç¬¬ä¸€æ¬¡ç”¨è‹¹æœæ‰‹æœºéœ€è¦æ€ä¹ˆå¼„å•Šï¼Ÿä»¥å‰éƒ½æ˜¯å®‰å“ï¼",http://tieba.baidu.com/p/4763163818
"ä¿ºä¸æ˜¯çœ‹ä¸èµ·å°å·ï¼Œæ˜¯çœ‹ä¸èµ·å°å·è¿˜å‘ä¸€äº›æ•æ„Ÿè¯é¢˜çš„äºº",http://tieba.baidu.com/p/4761329101
"ä¸‡è±¡åŸä»Šå¤©ä»€ä¹ˆç”µå½±å•Š",http://tieba.baidu.com/p/4761909104
"è¿˜æœ‰äºŒååˆ†é’Ÿåˆ°å»ŠåŠ",http://tieba.baidu.com/p/4761689117
"å»ŠåŠçš„æˆ¿ä»·ä»€ä¹ˆæ—¶å€™èƒ½å›å½’ç†æ€§ï¼",http://tieba.baidu.com/p/4763514614
"å»ŠåŠä¸æ˜¯ä¸­å›½çš„",http://tieba.baidu.com/p/4763397158
"å»ŠåŠä½ çš„æ´’æ°´è½¦ä»€ä¹ˆæ—¶å€™èƒ½æ¶ˆåœä¼šå„¿ï¼Œæµªè´¹æ°´èµ„æº",http://tieba.baidu.com/p/4763010957
"ç¬¬ä¸€",http://tieba.baidu.com/p/4762629619
"è¿˜æ˜¯é•¿çš„ä¸‘å®‰å…¨",http://tieba.baidu.com/p/4763080659
"å»ŠåŠå“ªé‡Œå›æ”¶æˆå“åå­—ç»£ï¼Ÿ",http://tieba.baidu.com/p/4746283212
"æ™šå®‰æ—©å®‰",http://tieba.baidu.com/p/4762659769
"çœŸä¸æ˜ç™½åœ¨å»ŠåŠä½ï¼ŒåŒ—äº¬ä¸Šç­çš„æ¥å›è·‘ä¸ºäº†ä»€ä¹ˆï¼Ÿ",http://tieba.baidu.com/p/4763477182
"ã€‚ã€‚ã€‚ã€‚",http://tieba.baidu.com/p/4763510710
"ç½‘ä¸Šè¢«éª—é’±äº†ï¼Œè¿˜æœ‰å¯èƒ½æ‹¿å›æ¥ä¹ˆï¼Ÿ",http://tieba.baidu.com/p/4762970663
"æœ‹å‹é€äº†ä¸ªè¿™ä¸ª",http://tieba.baidu.com/p/4762131062
"æœ‰äººè¦ç™¾å²å±±ä¹ˆ",http://tieba.baidu.com/p/4763504980
"å¿«çœ‹CCTV1",http://tieba.baidu.com/p/4763310534
"ä¸Šå²æ•°äº†ä¸€ä»‹ç»å¯¹è±¡éƒ½æ˜¯å¸¦å°å­©å„¿çš„ï¼Œè¿™å¯å¦‚ä½•æ¥å—çš„äº†å•Š",http://tieba.baidu.com/p/4759492905
"è‡³å»ŠåŠå¸‚å§”å¸‚æ”¿åºœçš„å…¬å¼€ä¿¡",http://tieba.baidu.com/p/4735448918
"å¼ æ™¶è¹ï¼Œæˆ‘æŠŠä»¥å‰çš„å¸–å­æ¢å¤å‡ºæ¥äº†ï¼Œä½ çœ‹çœ‹å“ªé‡Œæœ‰ä¸å®çš„åœ°æ–¹....",http://tieba.baidu.com/p/4761611231
"æ±‰å”é‡‘è¶³è‡³å°Šåº—99å·æŠ€å¸ˆåŸæ¥åœ¨å¼€å°å°‰æ°å¿æ˜¯ç»™åˆ«äººåšï¼Ÿï¼Ÿï¼Ÿï¼Ÿï¼Ÿï¼Ÿ",http://tieba.baidu.com/p/4763502268
"å¯æ€œçš„å°å“ˆï¼",http://tieba.baidu.com/p/4763359804
"å»ŠåŠå†œè¡Œèƒ½é¢†å–è€äººæ¯æœˆçš„é’±å—",http://tieba.baidu.com/p/4763305858
"æ™¶è¹åˆç«äº†",http://tieba.baidu.com/p/4763121044
"è¿‡å»çš„å°±è¿‡å»å§â€¦â€¦",http://tieba.baidu.com/p/4728888209
"æ¥äº†â€¦â€¦ï¼ï¼ï¼ï¼ï¼ï¼ï¼ï¼ï¼ï¼ï¼ï¼ï¼",http://tieba.baidu.com/p/4763436588
"ç©ç‹è€…è£è€€çš„èµ¶ç´§è¿›æˆ˜é˜Ÿ",http://tieba.baidu.com/p/4761953758
"å»ŠåŠå“ªé‡Œæœ‰ä¿®è„šçš„",http://tieba.baidu.com/p/4763316221
"2016å¹´9æœˆä»½---å»ŠåŠå§å‡ºç§Ÿï¼Œå‡ºå”®ï¼Œè½¬è®©ï¼Œæ±‚è´­ä¿¡æ¯ä¸“ç”¨",http://tieba.baidu.com/p/4761750474
"æ‰’ä¸€æ‰’è¿½å¥³ç”Ÿçš„å¸¸çŠ¯çš„å‡ å¤§é”™è¯¯",http://tieba.baidu.com/p/4752927590
"å»ŠåŠæœ‰ä»€ä¹ˆå¥½ç©çš„åœ°æ–¹å—ã€‚",http://tieba.baidu.com/p/4763248552
"è¿ç« æŸ¥ä¸åˆ°ï¼Œæœ‰é‡åˆ°è¿‡çš„å—ï¼Ÿ æ±‚è§£",http://tieba.baidu.com/p/4763212855
"æ±‚è§£ç­”",http://tieba.baidu.com/p/4759143269
"æƒ³åœ¨å»ŠåŠä¹°æŠ•èµ„æˆ¿",http://tieba.baidu.com/p/4761786352
"å»ŠåŠåŠç†å®½å¸¦å“ªä¸ªåˆé€‚å•Š",http://tieba.baidu.com/p/4763261816
"è´µå§é‡Œæœ‰å°å„¿ç§‘åŒ»ç”Ÿå—ï¼Ÿå’¨è¯¢ç‚¹äº‹",http://tieba.baidu.com/p/4762659538
"åœæ°´ä¸ºä»€ä¹ˆæ€»åœæ°´",http://tieba.baidu.com/p/4762843408
"æˆ¿å¸‚å¥”äºŒä¸æ˜¯æ¢¦äº†",http://tieba.baidu.com/p/4763028954
"è¿˜æœ‰è¿™è½¦ï¼Œæˆ‘åœ¨å»ŠåŠå’‹æ²¡è§è¿‡ï¼Œä»€ä¹ˆä»·?",http://tieba.baidu.com/p/4724894667
"è¦ä¸è¦ç»™ä»–å‘ä¸ªçŸ­ä¿¡ï¼ŒèŠ‚çº¦ç”¨æ°´äººäººæœ‰è´£",http://tieba.baidu.com/p/4763458459
"morning,everyone",http://tieba.baidu.com/p/4762831942
"æ±‚åŠ©ï¼Œå¯»æ±‚ä¸€ç¾å¥³å¸®å¿™ï¼Œä¸‹å‘¨ä¸€åˆ°å‘¨äº”",http://tieba.baidu.com/p/4763444107
"åŒ—äº¬å’Œå»ŠåŠè¯¥æ€ä¹ˆé€‰å•Šï¼Ÿ",http://tieba.baidu.com/p/4763404880
"å…«ç‚¹ä»åŒ—äº¬å›å»ŠåŠ",http://tieba.baidu.com/p/4763437321
"è¿™ä¹ˆå¥½çš„å¤©æ°”ä¸æƒ³ä¸Šç­",http://tieba.baidu.com/p/4763086276
"æ‰¾ä¸€ä¸‹åœ¨å»ŠåŠçš„æ²§å·ä¼™ä¼´ï¼",http://tieba.baidu.com/p/4763231438
"çƒ­çƒˆç¥è´ºåˆ˜å“¥ï¼Œç‹å¼Ÿå–œææ–°è½¦ï¼Œå“¥ä»¬åˆ¶ä½œå°ç¤¼ç‰©ä¸€ä»½ï¼Œæ™šä¸Šç¾Šèå­å•Šï¼",http://tieba.baidu.com/p/4469340575
"é¢å¯¹å‰²åŒ…çš®å†…å¿ƒæˆ˜æ —ï¼Œæ€æ ·è‡ªè¡Œæ…°å‹‰ï¼Ÿ",http://tieba.baidu.com/p/4753427060
"æœ€è¿‘éƒ½è¯´æˆ‘èƒ–äº†",http://tieba.baidu.com/p/4759124119
"æˆ‘æƒ³æ‰¾ä¸ªå¥³å§å‹ç»“å©šï¼Œå¯ä»¥å—",http://tieba.baidu.com/p/4761662365
"ä»Šå¤©å¥½éš¾å—ï¼Œé¢ˆæ¤ç—…åˆçŠ¯äº†ï¼Œåˆé…¸",http://tieba.baidu.com/p/4763397022
"è´´å§ï¼Œåšå¾®å•†çš„å¤šå—ã€‚",http://tieba.baidu.com/p/4763041970
"æ±‚åŠ©ï¼ï¼å¯»äººï¼ï¼å¥³.20-23",http://tieba.baidu.com/p/4762903508
"é“¶æ²³åŒ—è·¯è¿˜æœ‰å“ªåœæ°´äº†ï¼Ÿ",http://tieba.baidu.com/p/4747056085
"æ€ä¹ˆæ‰èƒ½å»ºè´´å§å‘¢",http://tieba.baidu.com/p/4763397064
"çŸ¥äº†å£°éƒ½è€äº†",http://tieba.baidu.com/p/4763384127
"å‘å¾€è‡ªç”±",http://tieba.baidu.com/p/4763388445
"åŒ»ç”Ÿè¯´æˆ‘å®¶å®å®å¤ªå°äº†ï¼Œè¶³æœˆäº†å·²ç»æ‰33å‘¨å¤§å°",http://tieba.baidu.com/p/4763378240
"è¯·é—®å¸‚é‡Œå“ªæœ‰å–å°æ²³è™¾ï¼Œé»‘å£³è‰ç¼¸é™¤è—»ç”¨",http://tieba.baidu.com/p/4763386964
"è¯·é—®ä»å››å·å¸ˆèŒƒå¤§å­¦æˆé¾™æ ¡åŒºè¦åä»€ä¹ˆè½¦æ‰åˆ°ä¸‰æ²³åœºå‘¢ï¼Ÿ",http://tieba.baidu.com/p/4763383895
"å”è¯—ï¼Œä¹¦æ³•â€¦â€¦",http://tieba.baidu.com/p/4427453648
"è¯·é—®å¤§å®¶å»ŠåŠé‚£ä¸ªéƒŠ90è·¯æ—©æ™¨å‡ ç‚¹ä»é•¿é€”æ±½è½¦ç«™å‘è½¦å•Š",http://tieba.baidu.com/p/4762325910
"å¦‡å¹¼å­—å­—æ˜¯é‡‘ï¼Œç™½è¡£å¤©ä½¿å‘µå‘µ",http://tieba.baidu.com/p/4763127945
"å¦‚æœä½ å®¶çª—æˆ·è®¢è¿™ç§æ°´æ³¥æ¿ï¼Œä½ åŒæ„å—",http://tieba.baidu.com/p/4496551751
"ä¸€ä¼šæœ‰å»ŠåŠå»éœ¸å·çš„ä¹ˆã€‚",http://tieba.baidu.com/p/4763368178
"æƒ³ç»„è£…ä¸€å°ç”µè„‘ï¼Œå»ŠåŠå“ªé‡Œæ¯”è¾ƒå¥½ï¼Ÿ",http://tieba.baidu.com/p/4763367936
"æ²³åŒ—çœé¦™æ²³å¿æˆ¿äº§è¯åº•å‹å¸¦æ¬¾å“ªå‡ ä¸ªé“¶è¡Œå¥½åŠ",http://tieba.baidu.com/p/4763256283
"å°šéƒ½æ–°è‹‘ç»ç†å¤æ¾å¤ªç‹‚ï¼Œå°åŒºè‰åªæ”¹æˆè‡ªå®¶èœå›­ï¼Œæ€ä¹ˆå‘Šæ±‚é«˜äººæ”¯æ‹›",http://tieba.baidu.com/p/4524745067
"æ±‚åŠ©ï¼Œæœ‰è€å¸æœºå—ï¼Ÿ",http://tieba.baidu.com/p/4762444996
"è¯·é—®æœ‰äººçŸ¥é“å»ŠåŠæˆ–è€…å›ºå®‰é‚£é‡Œæœ‰æ•™æˆäººæ¯›ç¬”å­—çš„ï¼",http://tieba.baidu.com/p/4414718986
"ä¸šä½™çˆ±å¥½ï¼æ°´å¹³æœ‰é™ï¼åœ¨è´µè´´å§å ",http://tieba.baidu.com/p/4254237537
"è¿™é…ç½®ç®€ç›´æ— æ•Œ",http://tieba.baidu.com/p/4763340896
"éª‘è‡ªè¡Œè½¦æŠŠä¸€ä¸ªå¥¥è¿ªa4lçš„å·¦è½¦é—¨åˆ®äº†ç‚¹æ¼†ï¼Œèµ”äº†300ã€‚",http://tieba.baidu.com/p/4710617271
"å•Šï¼è¿˜æ˜¯å›°",http://tieba.baidu.com/p/4763332782
"è¿˜åˆ å¸–ï¼Œå“¥ç»™ä½ è®²è®²æˆ¿ä»·",http://tieba.baidu.com/p/4751636829
"éœ¸å·è½¦ç«™åœ¨å¤–ç¯é‡Œè¿˜æ˜¯å¤–ç¯å¤–ï¼Ÿ",http://tieba.baidu.com/p/4763267242
"ç»™ç‚¹å»ºè®®",http://tieba.baidu.com/p/4756152585
"å»ŠåŠå¤§ä¸­å¹¿åœºé‚£ä¸æ˜¯æ–°å¼€äº†ä¸€ä¸ªä½°ä¹‹åŠ›å¥èº«æˆ¿",http://tieba.baidu.com/p/4717430789
"å¯»äºº",http://tieba.baidu.com/p/4758535486
"å»ŠåŠå¥½æ˜¾çœ¼å•Šã€‚ã€‚ã€‚",http://tieba.baidu.com/p/4762025115
"è¢«è¿™ä¸ªäººéª—äº†æœ‰è®¤è¯†çš„å—",http://tieba.baidu.com/p/4762455528
"ä¸­å›½çš„æ³•å¤–ä¹‹åœ°â€”â€”å®‰å›½ï¼ˆ220ä½™æ‘æ°‘å®åæ£€ä¸¾ï¼‰",http://tieba.baidu.com/p/4739438098
"è¯è¯´ä¸€æœˆ900ï¼Œè´µå—ï¼Ÿ",http://tieba.baidu.com/p/4727834983
"è½¬çœ¼é—´ åå¹´å·²è¿‡",http://tieba.baidu.com/p/4763291792
"å…¬äº¤ä¸Š  ä¸€å§å¦¹è€å¾€æˆ‘è¿™é   å¥¹æ—è¾¹ä¸æ˜¯æ²¡æœ‰åœ°å•Š",http://tieba.baidu.com/p/4762921806
"å„ä½ç”·å§å‹ç»™æˆ‘æ¨èç‚¹å–çš„å§ï¼",http://tieba.baidu.com/p/4762998868
"æ—¥äº†ç‹—",http://tieba.baidu.com/p/4763007291
"ç°åœ¨çš„äººå•Šï¼éƒ½è¿™ä¹ˆç°å®",http://tieba.baidu.com/p/4760764468
"ç™½é…’ä¸€æ–¤åŠï¼Œå•¤é…’éšä¾¿çŒï¼Œçº¢é…’â€¦â€¦",http://tieba.baidu.com/p/4760463515
"ä¸¾æŠ¥äº”å¤§è¡—å—å¤–è¡—,é»‘å¿ƒç˜¦èº«åº—!ã€Šç™¾è‰èŠ³é¦™ã€‹è°¢è°¢å…³æ³¨ï¼ï¼ï¼",http://tieba.baidu.com/p/4711456287
"è¯·è€å¸æœºæŒ‡ç‚¹",http://tieba.baidu.com/p/4761532425
"ä½ å¹¸ç¦ä¹ˆï¼Ÿ",http://tieba.baidu.com/p/4762405289
"å»ŠåŠä¼ é”€ä¸€èˆ¬éƒ½åœ¨ä»€ä¹ˆå…·ä½“ä½ç½®ï¼Ÿ",http://tieba.baidu.com/p/4744462482
"å¼Ÿå¼Ÿå»å»ŠåŠæ‰“å·¥ï¼è”ç³»ä¸åˆ°æ€€ç–‘è¿›ä¼ é”€äº†ï¼æœ‰çŸ¥é“çš„å—ï¼Ÿ",http://tieba.baidu.com/p/4752336546
"è¿™æ˜¯è°çš„è¥¿ç“œï¼Œå¤šå°‘é’±ä¸€æ–¤ã€‚",http://tieba.baidu.com/p/4762341975
"å¾®ä¿¡è¿™å¼ å›¾åˆ°åº•æ˜¯ä»€ä¹ˆæ„æ€ï¼Ÿ",http://tieba.baidu.com/p/4763202425
"å»ŠåŠå¼€å‘åŒºæ‹†è¿ä¸“ç”¨è´´",http://tieba.baidu.com/p/4683909362
"æ€»æœ‰é‚£ä¹ˆä¸€é¦–æ­Œ",http://tieba.baidu.com/p/4758076655
"æ™šä¸Šå»å°èƒ¡åŒæœ‰å»çš„å—ï¼Ÿ",http://tieba.baidu.com/p/4763219520
"æˆ‘çš„å¤´å‘å°‘æ€ä¹ˆæ‰èƒ½è®©å¤´å‘å˜å¤šå‘¢ï¼Ÿ",http://tieba.baidu.com/p/4763218419
"æ™šä¸Šæœ‰å»å°èƒ¡åŒçš„å—ï¼Ÿ",http://tieba.baidu.com/p/4763215531
"å›ºå®‰å¤§å«åŸçš„æ¸¸æ³³æ± ä½•æ—¶æ¥ä¸šï¼Ÿ",http://tieba.baidu.com/p/4763208358
"å»ŠåŠç®—å‘½ä¹¾æ˜±è½©æ–‡åŒ–äºè€å¸ˆè°æœ‰è”ç³»æ–¹å¼è¯·å¸®å¿™å‘Šè¯‰æˆ‘ï¼Œæˆ‘ç”µè¯ä¸¢äº†",http://tieba.baidu.com/p/4763202562
"æˆ‘å°±æƒ³é—®ä¸€å¥",http://tieba.baidu.com/p/4762247740
"åˆé¤",http://tieba.baidu.com/p/4763176768
"ä¸€è¨€ä¸åˆå°±çˆ†é…ï¼Œæˆ¿ä»·çœŸå°¼ç›çš„è´µ",http://tieba.baidu.com/p/4763202130
"è°åœ¨å»ŠåŠè§è¿‡è¿™å‡ ä¸ªäºº",http://tieba.baidu.com/p/4732881996
"å‹‡äºæ”€ç™»çš„ç‰µç‰›èŠ±",http://tieba.baidu.com/p/4763202560
"æ—©ä¸Šå¥½",http://tieba.baidu.com/p/4762824855
"å¡æ–¯ç½—å¹¼çŠ¬",http://tieba.baidu.com/p/4763187404
"å»ŠåŠæœ‰ä¸ªå¤§ä»™ï¼Œäººå®¶ç§°å‘¼ä»€ä¹ˆè€æ¯ï¼Œç®—å‘½å‡†",http://tieba.baidu.com/p/536004317
"æˆ¿ä»·è¿æ¶¨11æœˆ å»ŠåŠä¹Ÿè¦åšå¼ºäºŒçº¿ï¼Ÿ",http://tieba.baidu.com/p/4762877007
"å»ŠåŠéƒåœ£å›½é™…æ‹›è˜æ˜¯çœŸçš„å—ï¼Ÿ",http://tieba.baidu.com/p/4368660362
"è°çŸ¥é“å»ŠåŠå“ªé‡Œæœ‰æ—©å¸‚",http://tieba.baidu.com/p/434751858
"å¤©ä¸é”™ï¼ŒèŒèŒå“’ã€‚",http://tieba.baidu.com/p/4762818495
"å›ºå®‰æ˜¯ä¸æ˜¯å›½å®¶çº§æ— ç…¤åŒº?",http://tieba.baidu.com/p/4763170203
"æœ‹å‹è¢«éª—åˆ°ä¼ é”€é‡Œäº†ã€å°±åœ¨å»ŠåŠã€",http://tieba.baidu.com/p/3766870032
"æ­Œæ›² åŒ—äº¬æ¬¢è¿ä½  çˆ†æ”¹",http://tieba.baidu.com/p/4763169951
"å»ŠåŠç©",http://tieba.baidu.com/p/4761711709
"æ±‚å»ŠåŠå¥½å¿ƒäººå¸®å¸®å¿™ï¼æ€¥ï¼ï¼ï¼",http://tieba.baidu.com/p/4747673641
"å»ŠåŠä¼ é”€æ³›æ»¥çš„åŸå› ",http://tieba.baidu.com/p/4748609223
"å¤§å®¶å¥½ï¼Œæ–°äººæ±‚ç½©ï½",http://tieba.baidu.com/p/4762901017
"æ‹‰è‚šå­åŒ…æœˆå¥—é¤ï¼ŒçœŸå¸¦åŠ²ã€‚",http://tieba.baidu.com/p/4762284478
"ä¸‰æ²³å¸‚ç»§ç»­æ•™è‚²è¡¥è€ƒæ€ä¹ˆåŠ",http://tieba.baidu.com/p/4763157866
"åˆ«ä¿¡é‚£äº›è¯´æˆ¿ä»·ä¸€ä¸‡äº”å…­çš„ï¼",http://tieba.baidu.com/p/4758878913
"å› ä¸ºæ˜¨å¤©å‘ç”Ÿçš„ä¸€äº›äº‹ï¼Œç¬”è®°æœ¬æ‹¿å»åšæ•°æ®æ¢å¤äº†â€¦â€¦",http://tieba.baidu.com/p/4683635916
"åƒ",http://tieba.baidu.com/p/4763133784
"ä¸€è¾£è§£ä¸‰é¦‹",http://tieba.baidu.com/p/4763133388
"ä¸‰æ²³å…¬å®‰å±€ç¨‹ä¸‡é‡Œæ˜¯ä¸ªå¤§ç•œç”Ÿï¼ŒçŒªç‹—ä¸å¦‚",http://tieba.baidu.com/p/4763140520
"å»ŠåŠä¼ é”€",http://tieba.baidu.com/p/4761857454
"è®¤è¯†å››äº”å¹´çš„æœ‹å‹äº†ï¼Œå±…ç„¶æ‰¾æˆ‘ä¹°ç‹®å­åŸæˆ¿å­",http://tieba.baidu.com/p/4762175763
"æˆ‘ä¹Ÿæƒ³æ‰¾ä¸ªå¥³å§å‹",http://tieba.baidu.com/p/4762886833
"è¿™å¤©",http://tieba.baidu.com/p/4762931472
"æƒ³å­¦ç¾ç”²å½©å¦†ç›˜å‘å»ŠåŠé‚£å®¶å­¦æ ¡å¥½",http://tieba.baidu.com/p/4763134570
"å¯»æ‰¾æ–°ä¸–çºªä¸­å­¦02å¹´æ¯•ä¸šè€åŒå­¦",http://tieba.baidu.com/p/4763126076
"å®¢è§‚æƒ³æƒ³ï¼Œåœ¨å»ŠåŠå¸‚åŒºæŠ•èµ„æˆ¿äº§çš„äººæ˜¯ç›¸å¯¹ç†æ™ºçš„ï¼Œæ¯”ä¸‹å¿ç‚’æˆ¿çš„å¼º",http://tieba.baidu.com/p/4763118224
"æƒ³æ¬¡è‚‰äº†ï¼æ™šä¸Šç‚–ç‚¹æ£’éª¨æ¬¡ï¼",http://tieba.baidu.com/p/4762957029
"ä»é‚¦å­äº•åˆ°ä¸‰æ²³ç‡•æ•ˆç‡•äº¬ç†å·¥å­¦é™¢æ€ä¹ˆåè½¦",http://tieba.baidu.com/p/4763123486
"æœ€é‡è¦çš„ç´ è´¨",http://tieba.baidu.com/p/4763103679
"ä»é‚¦å­äº•åˆ°ä¸‰æ²³ç‡•æ•ˆç‡•äº¬ç†å·¥å­¦é™¢æ€ä¹ˆåè½¦",http://tieba.baidu.com/p/4763110226
"æ˜¨æ™šå°±åœ¨æ˜¨æ™šå°šéƒ½æ–°è‹‘å°åŒºçª—æˆ·è¢«å¹æ‰æ¥¼æˆ¿è´¨é‡å’‹æ ·",http://tieba.baidu.com/p/4529544483
"å»ŠåŠé‡‘å®è´å‘è’™æ‹éª—",http://tieba.baidu.com/p/4762991474
"ä¸€å†²åŠ¨æŠŠçœ¼ç›åšäº†",http://tieba.baidu.com/p/4756622932
"æ²³åŒ—å»ŠåŠä¸‰æ²³åˆæ³•é»‘è€å¤§ï¼Œææ——åº„é•‡é•¿å¼ å…¨å¥",http://tieba.baidu.com/p/4361905403
"ä¸¤ä¸ªæ›¾ç»ç›¸çˆ±çš„äººä½•å¿…è¿™æ ·ä¼¤å®³å‘¢",http://tieba.baidu.com/p/4760474360
"è€æ²ˆï¼Œè¿˜æ˜¯è¯´è¯´é«˜é€Ÿç¥¨çš„äº‹å§ï¼",http://tieba.baidu.com/p/1642610449
"è‹±æ´¾æ–¯å¥èº«æˆ¿å¹´å¡å¤šé’±ï¼Œ",http://tieba.baidu.com/p/4762077349
"æˆ‘æƒ³æŠŠå¸‚é‡Œçš„æˆ¿å­éƒ½å–äº†ï¼Œç„¶åå›å†œæ‘è€å®¶ç›–ä¸ª",http://tieba.baidu.com/p/4755407691
"åˆ˜æ¹˜éš†ä½ ä¸é…æˆ‘å†å›å¤ä½ ",http://tieba.baidu.com/p/4760415216
"æœ‰äººæƒ³æˆ‘äº†å—",http://tieba.baidu.com/p/4762491978
"å®åä¸¾æŠ¥å›ºå®‰æ³•é™¢å”æ€€ç‰åœ¨ä¸­é™¢é¢†å¯¼å¹²é¢„ä¸‹æ‰æ³•åˆ¤æ¡ˆ",http://tieba.baidu.com/p/4763067001
"æœ‰æ²¡æœ‰å¥”é©°C180å©šåº†è½¦é˜Ÿ",http://tieba.baidu.com/p/4755272821
"å’±ä¹ŸåŠ å…¥æˆ¿ä»·å¤§è®¨è®ºï¼Œå“ˆå“ˆå“ˆå“ˆï¼Œå°±å” å” å…³äºé™è´­çš„äº‹â€¦â€¦",http://tieba.baidu.com/p/4762936830
"è¯·é—®å­©å­æˆ·å£é—®é¢˜èµ·è¯‰ä¸€èˆ¬èµ°ä»€ä¹ˆç¨‹åº",http://tieba.baidu.com/p/4763060096
"å¬è¯´å‘å¥³ä¸»è§’ç…§ç‰‡äº†ï¼Ÿåœ¨å“ªå‘¢",http://tieba.baidu.com/p/4763056971
"çœ‹ä¹¡æ‘çˆ±æƒ…é‡Œé¢è®¨åŒè¿™ä¹ˆä¸ªäºº",http://tieba.baidu.com/p/4763050175
"æœ‰è¦çš„å—",http://tieba.baidu.com/p/4763031483
"ä¸€ä¸­é™„è¿‘çƒ«å¤´å“ªé‡Œæ€§ä»·æ¯”é«˜",http://tieba.baidu.com/p/4763035613
"åˆæ˜¯ä¸€ä¸ªå¾®å‡‰çš„æ—©æ™¨",http://tieba.baidu.com/p/4762817549
"éº»è¾£çƒ«",http://tieba.baidu.com/p/4761526419
"æ±‚å¸®å¿™",http://tieba.baidu.com/p/4748066297
"æ—©é¤",http://tieba.baidu.com/p/4762902282
"ç»§ç»­å¼€å–ï¼",http://tieba.baidu.com/p/4762200031
"æ—©å®‰",http://tieba.baidu.com/p/4762970221
"å†€j357ycæ˜¯å•å·å—?å»ŠåŠæ€ä¹ˆé™å·å‘€ï¼",http://tieba.baidu.com/p/4762768824
"ç°åœ¨ç”·ç”Ÿè¿™ä¹ˆä¸åƒé¦™ä¹ˆ",http://tieba.baidu.com/p/4763013501
"åŒ—å°–å¡”æ‹†è¿æ–¹æ¡ˆï¼Œæ˜¯çœŸçš„å—",http://tieba.baidu.com/p/4749605405
"å»ŠåŠå¸‚å…­ä¸­åˆšå…¥å­¦ï¼Œåˆä¸€åˆ†å¿«æ…¢ç­å—ï¼Ÿ",http://tieba.baidu.com/p/4762992031
"ä¸ºä»€ä¹ˆä¸€ç›´åœæ°´ï¼ï¼ï¼",http://tieba.baidu.com/p/4762534172
"ä¸­ç§‹å°†è‡³ï¼Œç³•ç‚¹æ¥äº†",http://tieba.baidu.com/p/4763005439
"æƒ³è€ƒé©¾ç…§çš„æœ‹å‹ä»¬æ³¨æ„äº†ï¼šåƒä¸‡åˆ«æŠ¥å»ŠåŠå¸‚é©¾æ ¡ï¼åˆ«æŠ¥åˆ«æŠ¥",http://tieba.baidu.com/p/4665685732
"åˆšåˆšï¼Œæ–°åè·¯åŒ—ï¼Œè½¦ç¥¸ï¼Œç›´æ¥æ­»äº¡ã€‚",http://tieba.baidu.com/p/4759830371
"å»ŠåŠå–çª—å¸˜çš„å¤šä¸å¤šï¼Œä»·æ ¼å¦‚ä½•ï¼Ÿ",http://tieba.baidu.com/p/4761545941
"æ‰¾ä¸ªé è°±å·¥ä½œé‚£ä¹ˆéš¾ï½",http://tieba.baidu.com/p/4761517905
"æœ‰ä»å»ŠåŠåˆ°æ­¦é‚‘å¿çš„è½¦å—ï¼Ÿï¼",http://tieba.baidu.com/p/4762966546
"ä¸€ç¾¤å°å¦–ç²¾åœ¨èˆè¹ˆ",http://tieba.baidu.com/p/4762411201
"æ€»æœ‰åˆæ°‘åœ¨éª—äºº",http://tieba.baidu.com/p/4519653599
"åæ£®è¿™ä¸æ˜¯å¥½å…†å¤´å•Šã€‚è¿˜æ²¡å¼€ä¸šå°±ç€ç«ğŸ”¥",http://tieba.baidu.com/p/4761332083
"è¿‡ä¸¤å¤©ä¼‘å‡å›å¤§å»ŠåŠå•¦å“ˆ  çœ‹çœ‹èƒ½å¦é‡è§æ¼‚äº®çš„å¥³å§å‹",http://tieba.baidu.com/p/4724827024
"æœ‰ä¹ˆæœ‰å•èº«çš„å¦¹å­",http://tieba.baidu.com/p/4762965269
"ç©äº†è´´å§4å¹´â€¦",http://tieba.baidu.com/p/4762075343
"ä¸¤ä¸ªSBè½¦ä¸»",http://tieba.baidu.com/p/4761167172
"å»ŠåŠè¿™æˆ¿ä»·æ˜¯çœŸé‚£ä¹ˆé«˜è¿˜æ˜¯ç‚’çš„",http://tieba.baidu.com/p/4760802451
"2016å¹´9æœˆä»½å»ŠåŠå§---ç§Ÿèµï¼Œæ±‚ç§Ÿï¼Œåˆç§Ÿä¸“ç”¨è´´",http://tieba.baidu.com/p/4761749337
"æ—©",http://tieba.baidu.com/p/4762836415
"å»ŠåŠçº¢æ–Œé€šè®¯æ˜¯å¹²ä»€ä¹ˆçš„ï¼Œæ˜¯ä¸æ˜¯ä¼ é”€",http://tieba.baidu.com/p/4125029979
"äºŒæ‰‹æˆ¿ä¹°å–çš„é—®é¢˜",http://tieba.baidu.com/p/4762944572
"å¬è¯´å»ŠåŠä¹Ÿè¦é™è´­ï¼Ÿæ˜¯çœŸçš„å—ï¼Ÿ",http://tieba.baidu.com/p/4761272472
"å»ŠåŠå¼€å‘åŒºæ‹†è¿ä¸“å¸–",http://tieba.baidu.com/p/4681380206
"å¤§ç¥å‡ºæ¥",http://tieba.baidu.com/p/4761416377
"å¶é‡å‘€",http://tieba.baidu.com/p/4762928136
"ç¦»å»ŠåŠä¸œç«™æœ€è¿‘çš„ï¼ˆåº”è¯¥æ˜¯é¦™é‚‘å»Šæ¡¥å§ï¼‰èƒ½å–åˆ°å¤šå°‘é’±å‘€ï¼Ÿ",http://tieba.baidu.com/p/4748366293
"æ±‚åŠ©ï¼Œå„ä½å§å‹",http://tieba.baidu.com/p/4762885698
"ç¬¬ä¸€æ¬¡è¿›å»ŠåŠè´´å§",http://tieba.baidu.com/p/4762345083
"åœ°é“â€¦è¿˜æ˜¯åŸé™…ï¼Œè¿˜æ˜¯è½»è½¨çš„â€¦",http://tieba.baidu.com/p/4762893407
"è‹¹æœå›­",http://tieba.baidu.com/p/4762921654
"æ±‚åŠ©ï¼šæœ‰äººçŸ¥é“å»ŠåŠå¤©ç¥¥ç‰©ä¸šå…¬å¸æ€ä¹ˆæ ·å—ï¼Ÿï¼Ÿè°¢è°¢ï¼ï¼",http://tieba.baidu.com/p/965749229
"æƒ³æ‹‰å±",http://tieba.baidu.com/p/4762910111
"åå¤çœŸæœ‰é’±å‘€ï¼",http://tieba.baidu.com/p/4762891779
"æœ€æ–°æ¶ˆæ¯â€¦è¯·çœ‹å®Œ",http://tieba.baidu.com/p/4762838399
"æ˜å¤©å¼€å­¦å†›è®­äº†ï¼Œå¼€ä¸€è´´è®°å½•å†›è®­çš„ç”Ÿæ´»",http://tieba.baidu.com/p/4734916813
"ä¸¾æŠ¥ç‚¹ä»€ä¹ˆï¼Ÿ",http://tieba.baidu.com/p/4761615641
"è¯ºç»´çš„é‚£ä¸ªèƒ–ä¿å®‰å°±æ˜¯ç•œç”Ÿï¼",http://tieba.baidu.com/p/4705346233
"å…³äºæˆ¿ä»·ï¼Œä»æˆ‘èº«è¾¹è§é—»è¯´èµ·ï¼Œæˆ‘æ˜¯ä¸æ˜¯åœ¨æ‹‰ä»‡æ¨ï¼Ÿ",http://tieba.baidu.com/p/4761655856
"å¸‚åŒºå“ªå®¶é“é”…ç‚–é±¼å¥½åƒï¼Ÿæ±‚æ¨èâ€¦",http://tieba.baidu.com/p/4762468443
"çœ‹ä¸­å›½æ¥¼å¸‚å¦‚ä½•é‡æ¼”æ¸¯æ—¥æ‚²å‰§",http://tieba.baidu.com/p/4750773811
"å»ŠåŠå¸‚åŒº9æœˆè¿˜é™å·ä¸",http://tieba.baidu.com/p/4762866189
"ä¸¤ä¸ªæçå·´çš„å¤©å¤©ä½ ä¸å¥½æˆ‘ä¸å¥½çš„",http://tieba.baidu.com/p/4760333825
"å»ŠåŠé‚£é‡Œå–æ°´ä¾¿å®œ",http://tieba.baidu.com/p/4762870522
"æ™¶è¹å•Š",http://tieba.baidu.com/p/4762120295
"æ±‚æ¨èå»ŠåŠæ²»ç–—è‚¡éª¨å¤´å’Œè†å…³èŠ‚çš„åŒ»ç”Ÿ",http://tieba.baidu.com/p/4762532697
"å»ŠåŠåæ£®è¶…å•†ç”µè¯é‚£ä½å¤§ç¥æœ‰æ€¥ï¼è°¢è°¢",http://tieba.baidu.com/p/4762813701
"è½¦è½½é€†å˜å™¨",http://tieba.baidu.com/p/4762863952
"å¾®åšè¾¾äººæ±‚äº’ç›¸å…³æ³¨ï¼Œè¾¾äººå¿…å›ç²‰ï¼",http://tieba.baidu.com/p/4758206341
"åœæ°´äº†ï¼Ÿ",http://tieba.baidu.com/p/4762489513
"èŠ±å§ç°åœ¨ä¹Ÿä¸ä¸Šè´´å§äº†ï¼Œä¸çŸ¥é“æˆ‘ç›—å¥¹å›¾ä¼šä¸ä¼šè¢«å‘ç°",http://tieba.baidu.com/p/4762028214
"8æœˆå…¨å›½æˆ¿ä»·æ¶¨å¹…æ¦œå…¬å¸ƒï¼Œå»ŠåŠç¬¬å››ã€‚ç¯æ¯”ä¸Šæ¶¨5.34%",http://tieba.baidu.com/p/4762004581
"æœ‰æ²¡æœ‰å¥½é¡¹ç›®éœ€è¦æŠ•èµ„çš„",http://tieba.baidu.com/p/4761639570
"å»ŠåŠæ•´å®¹åŒ»é™¢é‚£ä¸ªé è°±ï¼Œæƒ³å»æ•´å®¹ã€‚",http://tieba.baidu.com/p/4745567039
"æœ‰å¤šå°‘å»ŠåŠå¸¸ä½äººå£å·²ç»æ”¾å¼ƒä¹°æˆ¿ï¼Ÿ",http://tieba.baidu.com/p/4754595256
"å¤©æ°”çœŸå¥½ï¼Œå¥½è“ï½",http://tieba.baidu.com/p/4760111953
"å°ç™½èœé¦…â€¦â€¦åšç‚¹ä»€ä¹ˆå¥½å‘¢ï¼Ÿ",http://tieba.baidu.com/p/4762469161
"å°ç›†å‹ä»¬è¯¥èµ·åºŠäº†",http://tieba.baidu.com/p/4762813265
"å»ŠåŠæ¥¼ç›˜åœ°å€æœ‰å“ªäº›æ¯”è¾ƒå¥½ï¼Ÿï¼Ÿï¼Ÿ",http://tieba.baidu.com/p/4761860641
"èµšçš„å–ç™½èœé’±ï¼Œæ“ç¢äº†å–ç™½ç²‰çš„å¿ƒâ€¦",http://tieba.baidu.com/p/4762832850
"æœºè–„å»ŠåŠæˆ¿ä»·å¤ªé«˜äº†ï¼Œè¿˜æ˜¯å›æˆ‘çš„éœ¸å·å§ï¼Œæœ‰éœ¸å·ä¸€ä¸­æˆ¿æºçš„æ¬¢è¿éªšæ‰°",http://tieba.baidu.com/p/4762830017
"å¤§æ™šä¸Šç¡ä¸ç€  åœ¨å»Šä¸‡è·¯èµ°èµ°",http://tieba.baidu.com/p/4762694902
"é‡‘å…‰é“è¥¿å»¶æ‹†è¿å·¥ä½œè¿‘æ—¥å…¨é¢å±•å¼€",http://tieba.baidu.com/p/613639831
"æœ‰ç‚¹å›°äº†",http://tieba.baidu.com/p/4762716773
"å¥³å§å‹æœ‰ä¸€èµ·é€›è¡—çš„å—ï¼Ÿ",http://tieba.baidu.com/p/4762171696
"ä½ æ¯è°ƒæ§ä¸€æ¬¡æˆ¿ä»·åˆæ‰“ç ´äº†å¤šå°‘æƒ…ä¾£ï¼Ÿ",http://tieba.baidu.com/p/4762353084
"æ²³åŒ—å»ŠåŠæ°¸æ¸…æœ‰å¤§ç‚¹çš„æ—©ç‚¹åº—å—ï¼Ÿ",http://tieba.baidu.com/p/4762457964
"å”‘æ­»å•Šã€‚ã€‚ã€‚ã€‚ã€‚å¼ å®¶å£ç‚¸è¡—æ‘©æ‰˜ç–‘å› é€Ÿåº¦è¿‡å¿«è‡´ä¸€ç”·ä¸€å¥³æ­»äº¡",http://tieba.baidu.com/p/4761310970
"å¿ƒç—›",http://tieba.baidu.com/p/4762678421
"æ¶‚é¸¦",http://tieba.baidu.com/p/4762667484
"å»ŠåŠç•…æƒ³ç½‘å§ï¼ŒçœŸçš„åƒåœ¾ï¼ŒåŠå¤§å®¶ä»¥ååˆ«å»è¿™ä¸ªç½‘å§",http://tieba.baidu.com/p/4757237215
"æœ‰åœ¨äº¬æ±‰å›åº­ä¹°æˆ¿çš„ä¹ˆï¼Ÿ",http://tieba.baidu.com/p/4735835423
"ç¬¬ä¸€ï¼",http://tieba.baidu.com/p/4762627096
"ç¬¬ä¸€æ¬¡æ¥åˆ°å»ŠåŠç«Ÿç„¶è¢«æ•²è¯ˆäº†ï¼",http://tieba.baidu.com/p/4705423066
"å®‰æ¬¡åŒºæ‹†è¿ä¸“ç”¨è´´",http://tieba.baidu.com/p/3944989757
"æŠŠä½ å¾®ä¿¡å·å‘ç»™æˆ‘ï¼Œæˆ‘å¼„ä¸ªç¾¤ç©ç©",http://tieba.baidu.com/p/4761966658
"ä¹°å˜~åˆšåˆšå¥½åƒåšé”™äº†ä¸€ä»¶äº‹ï¼",http://tieba.baidu.com/p/4704304455
"å»ŠåŠä¼ é”€çš„çœŸé¢ç›®",http://tieba.baidu.com/p/3855148448
"ç…é¥¼æœå­çš„å–~~~",http://tieba.baidu.com/p/4761180938
"æˆªä¸ªå›¾",http://tieba.baidu.com/p/4762553706
"å±‹é‡Œæœ‰èšŠå­ï¼Œæ²¡æœ‰èšŠé¦™ï¼ï¼ï¼ï¼",http://tieba.baidu.com/p/4762505639
"ç°åœ¨å…»ä»€ä¹ˆç‹—æ¯”è¾ƒèµšé’±å•Š.æ²¡å…»è¿‡å¥½ç‹—.æ–°äººæƒ³å…¥æ‰‹..æ¥ç‚¹æ‡‚è¡Œçš„è¯´ä¸‹",http://tieba.baidu.com/p/1493160160
"åˆæ˜¯ä¸€ä¸ªä¸°æ”¶å¹´ï¼",http://tieba.baidu.com/p/4761946518
"å“ï¼Œäººå¿ƒè¿™ä¸ªä¸œè¥¿æœ€éš¾æ•´ã€‚",http://tieba.baidu.com/p/4762540424
"ä½ ä»¬èƒ½çœ‹åˆ°ç¬¬å‡ ä¸ªï¼Ÿ",http://tieba.baidu.com/p/4760573873
"ç§»åŠ¨æœ‰å•¥å¥½å¥—é¤å˜›",http://tieba.baidu.com/p/4762535864
"è¯·é—®805å’Œ826ååˆ°ç»ˆç‚¹ç«™åˆ†åˆ«å¤šå°‘é’±ï¼Ÿ",http://tieba.baidu.com/p/4762386016
"ç¾å¥³ä»¬æ—¶é—´ä¸æ—©äº†",http://tieba.baidu.com/p/4762525860
"å¤§å®¶ä¸è¦åˆ°å¹¿å‘è¯åˆ¸å¼€æˆ·ï¼Œä»–ä»¬éƒ½æ˜¯éª—å­å…¬å¸ï¼",http://tieba.baidu.com/p/4762525120
"æƒ³æ”¯æŒè‡ªä¸»è½¦ä½†æ˜¯æœ‹å‹éƒ½åŠä¹°åˆèµ„çš„ï¼Œæ±‚å¤§ç¥æ”¯æ‹›",http://tieba.baidu.com/p/4762458971
"æ°”ä»£ç…¤å“ªä¸ªæ‘å†æ”¹ï¼Ÿè¯´è¯´äº¤é’±ä¸ï¼Ÿ",http://tieba.baidu.com/p/4757391546
"å’±ä»¬å»ŠåŠå“ªæœ‰å–é‡‘å±æ¢æµ‹å™¨çš„å®ä½“åº—å•Šï¼Ÿ",http://tieba.baidu.com/p/4762450319
"æœ‰äººåœ¨æ’åº†ä¸œå‡å…¬å¯“ä¹°æˆ¿çš„åŒå­¦å—ï¼Ÿ",http://tieba.baidu.com/p/4762508368
"ä¸€å¤©ä¸æ’•æµ‘èº«éš¾å—å•Šï¼Œè¿™éƒ½å’‹äº†å•Šã€‚",http://tieba.baidu.com/p/4762507685
"è°æœ‰äº¤é€šé“¶è¡Œçš„æ¨èç ",http://tieba.baidu.com/p/4730016559
"å»ŠåŠä¸‡å’Œå—åŒº æˆ¿äº§è¯å•¥æ—¶å€™ä¸‹æ¥å•Šï¼Ÿ",http://tieba.baidu.com/p/4761275833
"æœ‰åœ¨å°é•‡çš„å—",http://tieba.baidu.com/p/4761630070
"æˆ‘æ˜å¤©ç©¿æ¯›è¡£ã€‚ã€‚ã€‚ã€‚",http://tieba.baidu.com/p/4762295352
"æˆ‘åœ¨è€æŒæ‰“å·¥ï¼Œè€æ¿æ˜¯å»ŠåŠäººï¼Œæ‹–æ¬ å·¥èµ„ä¸‰ä¸ªåŠæœˆï¼Œä¸‡å…ƒæ¯æœˆã€‚ç°å‚ä¸",http://tieba.baidu.com/p/4762475473
"è´´å§ä»€ä¹ˆè¯é¢˜éƒ½èƒ½è¯´å§ï¼æˆ‘æƒ³å¯»äººå¯äº‹",http://tieba.baidu.com/p/4762485338
"æ¯ä¸ªäººéƒ½ä¼šè€éƒ½ä¼šåŒ–ä½œé»„åœŸã€‚",http://tieba.baidu.com/p/4762420249
"æ™šä¸Šå¥½",http://tieba.baidu.com/p/4762235822
"æˆ‘çš„è€çˆ¸ æ˜¯ä¸ªç¥è¯ å½“ç„¶å’¯",http://tieba.baidu.com/p/4762466167
"ä¸€ä¼šæœ‰çœ‹çƒçš„å—ï¼ŸçŒœçŒœæ¯”åˆ†",http://tieba.baidu.com/p/4762121581
"æ–°æœé˜³åè¾¹æ˜¯ä¸æ˜¯æœ‰ä¸ªéŸ³ä¹å–·æ³‰é˜¿.",http://tieba.baidu.com/p/4762462424
"å»ŠåŠå“ªæœ‰æˆäººè·†æ‹³é“ç­ï¼Œå­¦è´¹å¤šå°‘",http://tieba.baidu.com/p/4762462209
"å¤§å°–å¡”è¦æ‹†è¿äº†",http://tieba.baidu.com/p/4761649934
"å›½çŒªç»ˆäºä¸è´Ÿä¼—æœ›çš„è¾“äº†ï¼ŒæŒºå¥½ï¼Œ",http://tieba.baidu.com/p/4762442616
"è¯ˆéª—ç”µè¯æ‰“è¿›ä½ æ€ä¹ˆå¤„ç†ï¼Ÿ",http://tieba.baidu.com/p/4762440832
"æƒ³è¦è£…é€¼ä¸ï¼Ÿ",http://tieba.baidu.com/p/4762022509
"æ™šé¤",http://tieba.baidu.com/p/4762415397
"çœ‹è¿™é‹å­å¥½çœ‹ä¸ã€‚ã€‚ã€‚å›å¤´ç‡è€é«˜äº†ï¼",http://tieba.baidu.com/p/4752870161
"2016å¹´9æœˆä»½---å»ŠåŠå§äºŒæ‰‹ç”¨å“æ”¶å”®åŠå‡ºç§Ÿäº¤æ¢ä¸“å¸–",http://tieba.baidu.com/p/4761752063
"å¤§ç¥çœ‹çœ‹è¿™æ˜¯é‡‘ä¸æ¥ æœ¨å—",http://tieba.baidu.com/p/4762421774
"å¤§ç¥çœ‹çœ‹è¿™ä¸ªæ˜¯é‡‘ä¸æ¥ æœ¨å—",http://tieba.baidu.com/p/4762420505
"å›½è¶³0/3å·²å‡‰ã€‚",http://tieba.baidu.com/p/4762296600
"å¤§é™†æœ€è‹¦åŸå¸‚æ’åã€‚",http://tieba.baidu.com/p/4761425024
"å…³äºæˆ¿ä»·ï¼Œç®€å•è¯´å‡ å¥",http://tieba.baidu.com/p/4761238202
"ä¸€ä¸ªæœˆå‡€æŒ£å››åä¸‡",http://tieba.baidu.com/p/4759733740
"çœŸä¹°ä¸èµ·æˆ¿å•Š",http://tieba.baidu.com/p/4762007356
"å»ŠåŠç°åœ¨å•†å“æˆ¿çƒ‚å°¾çš„å’Œäº¤æˆ¿é•¿æ—¶é—´ä¸ç»™åŠæˆ¿æœ¬çš„æœ‰å¤šå°‘ï¼Ÿç ä¸ªæ¥¼ç©",http://tieba.baidu.com/p/4498690995
"å–æˆ¿çš„é€—æ­»æˆ‘äº†",http://tieba.baidu.com/p/4760331180
"æƒ³ä¹°æˆ¿çš„åˆ«ç­‰äº†",http://tieba.baidu.com/p/4760879211
"å»ŠåŠåŠå‘¨è¾¹è´­æˆ¿äº¤æµ",http://tieba.baidu.com/p/4761365312
"äº¬æ´¥å†€ä¸€ä½“åŒ–ï¼Œæœªäº«å…¶åˆ©å…ˆå—å…¶å®³ã€‚",http://tieba.baidu.com/p/4755576887
"ç å¤´çš„åœ¨å»ŠåŠå¯ä»¥ä¹°æˆ¿å—",http://tieba.baidu.com/p/4760947511
"ä»“é¼  æ±‚é¢†å…»",http://tieba.baidu.com/p/4707436194
"æˆ‘å°±æƒ³çŸ¥é“ï¼Œä¸€ä¸ª5000äººçš„å¾®ä¿¡å·ï¼Œå¤šå°‘é’±ä¸€ä¸ª",http://tieba.baidu.com/p/4762242264
"å¤§æœºåŠ¨è¿›æ¥ï¼Œå‘ä½ è¯·æ•™ä¸€ä¸‹ä¹°æˆ¿å­çš„å‡ ä¸ªäº‹æƒ…ï¼",http://tieba.baidu.com/p/3207804153
"å„ä½å•†é‡ä¸‹ï¼Œåˆ«æ’•äº†å¥½ä¸ï¼Œå¥½å¥½ç©å§",http://tieba.baidu.com/p/4762349185
"è‡´åœ¨å»ŠåŠç”Ÿæ´»çš„è‡ªå·±",http://tieba.baidu.com/p/4761720465
"ä¸€å¤©åˆ°æ™šéƒ½åœ¨çº¿çš„å§å‹ä»¬ï¼Œä½ ä»¬å’‹è¿™ä¹ˆæœ‰æ—¶é—´",http://tieba.baidu.com/p/4762337450
"2016å¹´9æœˆä»½---å»ŠåŠå§å¾å©š,äº¤å‹,ä¿¡æ¯ä¸“ç”¨è´´",http://tieba.baidu.com/p/4761753894
"è°çŸ¥é“æŒ‰æ¬¡ä¸€å¹¼æ—è¾¹æœ‰ä¸ªå‰é”‹æœºæ¢°",http://tieba.baidu.com/p/4762363946
"çˆ±ç¯®çƒçš„æˆ‘",http://tieba.baidu.com/p/4761880706
"å›½è¶³åªè¦èƒ½è¿›çƒå°±æ˜¯èƒœåˆ©",http://tieba.baidu.com/p/4762133437
"æ€ä¹ˆèŠ±",http://tieba.baidu.com/p/4761903975
"è¿™é¦–æ­ŒçœŸçš„å¥½å¥½å¬å•Š",http://tieba.baidu.com/p/4762276113
"å»ŠåŠæœ‰ä»€ä¹ˆå¥½åƒçš„é¥­åº—",http://tieba.baidu.com/p/4750730604
"å’Œè°è®²ç†å»ï¼Œä¿é™©æ€ä¹ˆä¸å‡ï¼",http://tieba.baidu.com/p/4760508022
"çˆ±äº†ä¸€ä¸ªä¸è¯¥çˆ±çš„äººï¼Œæˆ‘åœ¨ç­‰ä¸€ä¸ª",http://tieba.baidu.com/p/4762233559
"æ´»ä¹…è§",http://tieba.baidu.com/p/4761994070
"è¿™å¹´å¤´ï¼Œç‰©ä»·è¶Šæ¥è¶Šè´µï¼Œç”·äººè¶Šæ¥è¶Šè´±",http://tieba.baidu.com/p/4762167797
"åŠ æ²¹å•Šï¼å†æ‰³ä¸€ä¸ªï¼",http://tieba.baidu.com/p/4762328858
"ç»™è‡ªå·±å¾ä¸ªå©š",http://tieba.baidu.com/p/4762317609
"å¯»åœ¨ç‡•éƒŠå¤±è¸ªçš„å„¿å­",http://tieba.baidu.com/p/4353135462
"è¯·é—®å»ŠåŠæ­¦è­¦å­¦é™¢è´´å§æ˜¯ä»€ä¹ˆï¼Ÿ",http://tieba.baidu.com/p/4762319009
"ä»€ä¹ˆå¹´ä»£äº†æ‰“äººä¸çŠ¯æ³•ä¹ˆæ€äººä¸çŠ¯æ³•ä¹ˆ",http://tieba.baidu.com/p/4762132981
"è°çŸ¥é“å¹¸ç¦åŸäº”å¹¼å„¿æŠ¥åæ–¹å¼",http://tieba.baidu.com/p/4762271952
"å¤§ä¼™å„¿æœ‰æ²¡æœ‰è§‰å¾—",http://tieba.baidu.com/p/4761347209
"åˆè¦è¢«ææˆç­›å­äº†",http://tieba.baidu.com/p/4762287253
"ã€æ±‚åŠ©ã€‘é…é’¥åŒ™",http://tieba.baidu.com/p/4762291721
"å“¦ï¼",http://tieba.baidu.com/p/4762280904
"æˆ‘æ˜¯å»ŠåŠçš„é»‘ç¤¾ä¼šè€å¤§",http://tieba.baidu.com/p/803027483
"ç€æ€¥å•Šï¼Œå»ŠåŠå“ªé‡Œèƒ½ç»™æ‘©æ‰˜è½¦åŠ æ²¹å•Šï¼Ÿ",http://tieba.baidu.com/p/3995070686
"ç©ºå§",http://tieba.baidu.com/p/4762258241
"å¥½æ²¡æ„æ€ï¼Œ",http://tieba.baidu.com/p/4762239034
"æœ‰äººäº†è§£å»ŠåŠé‡‘å¼€ç½‘ç»œå…¬å¸å—",http://tieba.baidu.com/p/4692768988
"è½¬å‘çˆ†æ–™ï¼šå¤§åŸå¿å°±ä¸šå±€å±€é•¿æ˜¯æˆ¿åœ°äº§å¼€å‘å•†",http://tieba.baidu.com/p/4758711756
"è½¬å‘çˆ†æ–™ï¼šå¤§åŸå¿å°±ä¸šå±€å±€é•¿æ˜¯æˆ¿åœ°äº§å¼€å‘å•†",http://tieba.baidu.com/p/4758711756
"å§é‡Œæœ‰çœ‹è¿‡å°‘å¹´é˜¿å®¾çš„å—",http://tieba.baidu.com/p/4756142174
"5000æ´»äººå¾®ä¿¡å·ï¼Œå¤šå°‘é’±ä¸€ä¸ªå‘€",http://tieba.baidu.com/p/4762225669
"ä¸­éŸ©å¤§æˆ˜ï¼Œè¦å‡‰å•Šï¼",http://tieba.baidu.com/p/4762214171
"äººç©·æ²¡åŠæ³•",http://tieba.baidu.com/p/4762117898
"å»ŠåŠå“ªä¸ªé©¾æ ¡å¥½å•Šï¼Œ",http://tieba.baidu.com/p/4214896573
"é«˜ç§‘æŠ€",http://tieba.baidu.com/p/4762171525
"å‚åŠ æ¯”èµ›éœ€è¦æ‹‰ç¥¨æ‰¾æˆ‘",http://tieba.baidu.com/p/4762189539
"è°çŸ¥é“å’Œå¹³è·¯å—å¤´çš„åœ°é“æ¡¥é€šè½¦æ²¡æœ‰å•Š",http://tieba.baidu.com/p/4762054061
"ç©é™Œé™Œçš„äººå¾ˆå¤šæ˜¯æ€ä¹ˆå›äº‹ã€‚",http://tieba.baidu.com/p/4762157420
"å¼ å®¶å£ä¹‹è¡Œ",http://tieba.baidu.com/p/4715023984
"åƒæ™šé¥­",http://tieba.baidu.com/p/4762048012
"éº»ç—¹çš„ï¼Œå–ç€èŒ¶æ”¶åˆ°æ¡çŸ­ä¿¡ï¼Œæ´¾å‡ºæ‰€çš„ï¼Œå‘µå‘µå“’â€¦â€¦",http://tieba.baidu.com/p/4756180373
"å‚åŠ æ¯”èµ›éœ€è¦æ‹‰ç¥¨æ‰¾æˆ‘",http://tieba.baidu.com/p/4762177164
"ç«¥ç„•è‹±ï¼ˆå›¾å¥³ï¼‰ï¼Œå¥³ï¼Œ2000å¹´",http://tieba.baidu.com/p/4658493844
"ä¸€çº¿ç”·å§å‹çš„ç¡å§¿ï¼ŒçŒœçŒœæ˜¯è°",http://tieba.baidu.com/p/4761685666
"æ˜å¤©å¼€å­¦ æ±‚é—®å»ŠåŠé™å·å—",http://tieba.baidu.com/p/4762157813
"å¶é‡å—ï¼Ÿï¼Ÿ",http://tieba.baidu.com/p/4761946218
"æ™šå®‰æ—©å®‰",http://tieba.baidu.com/p/4760961313
"å¥½å¿ƒçš„å¤§ç¥åœ¨å“ªé‡Œ ã€‚ã€‚ã€‚",http://tieba.baidu.com/p/4762120498
"åˆ˜æ¹˜éš†",http://tieba.baidu.com/p/4760276974
"å®è´ä»¬ï¼Œä¸¢äº†åªç‹—ã€‚æ‚¬èµä¸€ä¸‡ã€‚æ‰¾æˆ‘ç›´æ¥æ‰“ç”µè¯éƒ½å¯ä»¥",http://tieba.baidu.com/p/4762045376
"ä¸­å®‰ä¿¡ç§‘æŠ€æœ‰é™å…¬å¸",http://tieba.baidu.com/p/4458855817
"å¤§å®¶ä¸€å®šè¦å¥½å¥½æ´»ç€ã€‚",http://tieba.baidu.com/p/4761237929
"é‚£ä¸ªå•¥ã€éƒ½è°æ²¡åƒæ™šé¥­å‘¢å•Šï¼Ÿ",http://tieba.baidu.com/p/4761926756
"æˆ‘æ˜¯ä¸€ä¸ªå¿«ä¹çš„åƒè´§",http://tieba.baidu.com/p/4758395949
"æ™šé¤åƒåŒ…ç ¸",http://tieba.baidu.com/p/4762082452
"è´´å§å‡çº§äº†",http://tieba.baidu.com/p/4762088143
"æœ‰äº†è¨Šæ¯ï¼Œæ™šä¸Šåšæ¢¦éƒ½æ— è¨Šæ¯æƒ³é‚£äº›å¥³ç¥äº†",http://tieba.baidu.com/p/4762132571
"ç»™ä½ ä»¬è¯´ä¸€ç§å¤ä»£çš„åˆ‘æ³•ï¼Œç¬‘åˆ‘",http://tieba.baidu.com/p/2205653489
"åˆåˆ°é€€ä¼å­£è¿˜èƒ½é€åˆ«å‡ å›å°±è¯¥é€è‡ªå·±äº†â€¦â€¦",http://tieba.baidu.com/p/4761279010
"å—¨ï½",http://tieba.baidu.com/p/4761677526
"æœ€è®¨åŒè€³æœµé•¿ï¼Œçˆ±æ‰“å¬äº‹  ä»€ä¹ˆéƒ½æƒ³çœ‹çœ‹ï¼Œå¥½å¥‡å¿ƒå¤§ï¼Œçˆ±ä¼ è¯çš„åŒäº‹",http://tieba.baidu.com/p/4762108913
"å¼€é¥­",http://tieba.baidu.com/p/4762109391
"è¿™äººæ˜¯ä¸æ˜¯ç¥ç»ç—…ï¼Ÿ",http://tieba.baidu.com/p/4761940625
"å…¬äº¤å…è´¹  æˆ‘ä¹Ÿæ˜¯é†‰äº†",http://tieba.baidu.com/p/4761362457
"é«˜éš¾åº¦çœ‹å›¾çŒœç‰©  è°èƒ½çœ‹å‡ºæ¥æˆ‘æ³¡çš„æ˜¯å•¥",http://tieba.baidu.com/p/4761846971
"è°æœ‰é—²ç½®çš„å°é“²è½¦å•Šï¼Œæˆ‘æ”¶ä¸€ä¸ª",http://tieba.baidu.com/p/4719606116
"å‘ä¸ªå¸–å­ï¼Œè¯´ç‚¹äº‹",http://tieba.baidu.com/p/4761848760
"æœ‰æ²¡æœ‰å»ŠåŠéœ¸å·çš„ï¼Œ",http://tieba.baidu.com/p/4761157674
"å˜¿å˜¿å˜¿å˜¿",http://tieba.baidu.com/p/4654671837
"æ ‡è´´æˆ‘åƒäº†ï¼Œé¡¶é¡¶é¡¶",http://tieba.baidu.com/p/4762098166
"ä¸‡èƒ½çš„å§å‹ä»¬ã€‚å¬è¯´å»ŠåŠæ–°å¼€äº†ä¸ªåŠ¨ç‰©å›­ï¼Œæœ‰äººçŸ¥é“åœ¨å“ªä¹ˆ",http://tieba.baidu.com/p/4761682884
"å¾—å†™ç‚¹è´¹è„‘å­çš„ä¸œè¥¿",http://tieba.baidu.com/p/4757246362
"äº²çˆ±çš„å¹¿å¤§äººæ°‘ç¾¤ä¼—å—ï¼Ÿå¸®ä¸ªå¿™å‘—",http://tieba.baidu.com/p/4746882920
"æ¢…èŠ±é˜",http://tieba.baidu.com/p/4762068226
"æˆ‘æ˜¯ç§æ ¸æ¡ƒçš„",http://tieba.baidu.com/p/4762051203
"å»ŠåŠæœ‰å…¼èŒç¾¤å—ï¼Ÿ",http://tieba.baidu.com/p/4762053968
"å›ºå®‰åˆ°æ–¹åº„ç¯å²›è¥¿åä»€ä¹ˆè½¦",http://tieba.baidu.com/p/4762059779
"æˆ‘é™ªä½ é•¿å¤§ ä½ é™ªæˆ‘å˜è€å—ï¼Ÿ",http://tieba.baidu.com/p/4761356281
"ä»€ä¹ˆå¤©éƒ½å¾—æ´’æ°´å•Š",http://tieba.baidu.com/p/4749386092
"æˆ‘æ»´çˆ±ã€èµ¤è£¸è£¸ï¼ä½ ä¸èƒ½è®©æˆ‘å¤ªå¯‚å¯ï¼",http://tieba.baidu.com/p/4761914918
"ç¬¬ä¸€",http://tieba.baidu.com/p/4760930261
"è¿™å¸®äººæ˜¯ä»€ä¹ˆé¬¼ï¼Œå»ŠåŠä¸‹é¢çš„å†œæ‘éƒ½æ¯”ä»–ä»¬ç©¿çš„å¥½å§ï¼Œï¼Œ",http://tieba.baidu.com/p/4739705252
"è¯·é—®è¿™ä¸ªæ˜¯å¹²ä»€ä¹ˆç”¨çš„ï¼Ÿ",http://tieba.baidu.com/p/4762015555
"å»ŠåŠå°å­©å­çš„èˆè¹ˆç­å¤šé’±",http://tieba.baidu.com/p/4761930356
"å»ŠåŠå¸‚è€å…µä¿±ä¹éƒ¨",http://tieba.baidu.com/p/4737168008
"è¯·é—®å¤§ç¥å»ŠåŠæœ‰ä¸­ä¿¡é“¶è¡Œå—",http://tieba.baidu.com/p/4761692681
"éƒ½æ˜¯ç²®é£Ÿå•Š",http://tieba.baidu.com/p/4753174668
"è´´å§åŠ¨ä¸åŠ¨æœˆè–ªäº”ä½æ•°çš„ è¿™æ ·å¥½å—",http://tieba.baidu.com/p/4696318159
"è€å¸æœºæ¥å‘æ˜¨å¤©çŸ­å‘ç…§ç‰‡å¼€è½¦äº†",http://tieba.baidu.com/p/4759539361
"æœ‰äººå¯ä»¥å®šæœŸå»äººæ°‘å…¬å›­è¥¿é—¨è·³èˆçš„åœ°æ–¹",http://tieba.baidu.com/p/4758978547
"é¡¶è´¦å›æ¥çš„ã€‚æœ‰è¦çš„ä¹ˆ æ‡‚è¡Œçš„æ¥",http://tieba.baidu.com/p/4761963359
"çªçªçªï¼Œè€å¸æœºä»¬ï¼Œå·®ä¸€ç‚¹ç»éªŒå‡çº§å•¦ï¼æ±‚ç½©",http://tieba.baidu.com/p/4753690613
"è°çº¹è¿‡çœ‰æ¯›ï¼Ÿï¼Ÿï¼Ÿ",http://tieba.baidu.com/p/4746972675
"æˆ‘è¿˜ç®—ä¸€çº¿å¥³å§å‹å—",http://tieba.baidu.com/p/4758169465
"æ±‚åŠ©ï¼ï¼è¯·é—®å„ä½å¤§èƒ½ï¼Œå»ŠåŠå¸‚åŒºï¼Œéƒ½å“ªæœ‰å¥½åƒçš„æ¸…çœŸçƒ§çƒ¤å•Šï¼",http://tieba.baidu.com/p/4761920954
"æˆ‘ä¹Ÿç®—æ˜¯ä¿®æˆæ­£æœäº†",http://tieba.baidu.com/p/4756593061
"å®¶æœ‰ç†Šï¼ŒçŒ«ï¼",http://tieba.baidu.com/p/4754500046
"å»ŠåŠå¤§å­¦åŸè·¯è¾¹äº­å­é‡Œå–çš„æµé‡å¡å¥½ç”¨å—ï¼Ÿ",http://tieba.baidu.com/p/4761883243
"ä½ ä»¬æ‰‹æœº",http://tieba.baidu.com/p/4761859329
"æ±‰å”é‡‘è¶³æ€ä¹ˆæ ·å•Šå¤§å®¶ï¼Ÿæœ‰è¡Œå®¶æ²¡ï¼Ÿç»™æ¨èä¸ªå¥½å»å¤„å•Š",http://tieba.baidu.com/p/2075845887
"çœ‹å›¾çŒœè½¦",http://tieba.baidu.com/p/4761203324
"å»ŠåŠä»€ä¹ˆåœ°æ–¹æœ‰å–æš–è´´çš„",http://tieba.baidu.com/p/4761528845
"å»ŠåŠé›·æ£®ç½‘å’–è¿˜å¼€é—¨å—",http://tieba.baidu.com/p/4761685320
"æœ‰å§å‹å®¶åœ¨é“¶æ²³å¤§æ¡¥é™„è¿‘çš„å‘¢ï¼Ÿ",http://tieba.baidu.com/p/4311390042
"è°å®¶æœ‰é—²ç½®å¤©æ´¥äº§çš„è€é“ç‰›60.55",http://tieba.baidu.com/p/4359875024
"å¤§å®¶æ¥çœ‹çœ‹å“ˆ",http://tieba.baidu.com/p/4761874175
"æ­¦é‚‘ä¸­å­¦åˆ°éœ¸å·æˆ–å»ŠåŠçš„æ ¡è½¦æœ‰å—",http://tieba.baidu.com/p/4761873155
"å»ŠåŠå“ªé‡Œçœ‹éª¨ç§‘å¥½æœ€å¥½æ˜¯è€ä¸­åŒ»",http://tieba.baidu.com/p/3936137684
"è¿™å‘¨æœ«å»å¤§å»ŠåŠé€å–µå®ï¼Œå“ªé‡Œæœ‰å¥½åƒçš„çº¦èµ·æ¥",http://tieba.baidu.com/p/4761412358
"å¥½å§ï¼Œä¸€æ™šä¸Šæ²¡ç¡",http://tieba.baidu.com/p/4761131827
"æˆ‘å°±çŸ¥é“",http://tieba.baidu.com/p/4760563932
"éœ¸å·å¸‚2016å¹´å…¬å¼€æ‹›è˜æ•™å¸ˆ115äºº",http://tieba.baidu.com/p/4761328999
"æ²³åŒ—ä¿ç›‘ä¼šæœ€æ–°ç›‘ç®¡å‡½",http://tieba.baidu.com/p/4761831695
"æ•´å¤©è¯´æˆ¿å­æ¶¨ä»·çš„è¿›æ¥ï¼Ÿ",http://tieba.baidu.com/p/4757315095
"å°¼ç›é€¼ï¼å¦‚æœå±å®ï¼Œå¼„ä¸æ­»ä½ ä¸«çš„æˆ‘å°±æ”¹å§“ï¼",http://tieba.baidu.com/p/4759112213
"å»ŠåŠç°æˆ¿æ¥¼ç›˜æœ‰å“ªäº›æ¯”è¾ƒå¥½ï¼Ÿï¼Ÿï¼Ÿ",http://tieba.baidu.com/p/4761826845
"ä¼ è¯´ä¸­å……è¯è´¹èµ çš„å­©å­",http://tieba.baidu.com/p/4761805535
"å»ŠåŠæˆ¿ä»·2016æ–°æ¥¼ç›˜æœ‰å“ªäº›æ¯”è¾ƒå¥½ï¼Ÿï¼Ÿï¼Ÿ",http://tieba.baidu.com/p/4761809055
"è­¦é™¢å­¦å­æ±‚å»ŠåŠçš„å…„å¼Ÿå§å¦¹ä»¬æ¨èä¸€ä¸ªä¸­åŒ»æ­£éª¨çš„åœ°æ–¹å•ŠğŸ˜”ğŸ˜”",http://tieba.baidu.com/p/4515355353
"æ²³åŒ—çœå»ŠåŠå¸‚å®‰æ¬¡æœ‰å–ç¦ç‰¹æ–°ç¦å…‹æ–¯å…¨åŒ…å›´è„šè¸å«äº†å—",http://tieba.baidu.com/p/4761774017
"ä»Šå¤©ä¹°äº†ä¸€ä»¶è¡£æœ",http://tieba.baidu.com/p/4719273659
"å†œå®¶ä¹",http://tieba.baidu.com/p/4761801494
"å¼ æ™¶è¹ï¼Œä½ çœŸçš„ä¸é…è®©æˆ‘æ›¾ç»é‚£ä¹ˆçœ‹å¥½ä½ ï¼",http://tieba.baidu.com/p/4760459588
"æ—©å‘€",http://tieba.baidu.com/p/4761136105
"æ±‚åŠ©ï¼Œç”µè„‘åäº†å“ªé‡Œèƒ½ä¿®",http://tieba.baidu.com/p/4759633343
"æ³¨æ„äº† å¸‚é‡ŒæŠ“æ— ç‰Œæ‘©æ‰˜è½¦å•¦ï¼",http://tieba.baidu.com/p/4761681039
"ä¸€æ‰‹ä¸šåŠ¡ï¼Œæœ‰èƒ½åšæ— æŠµæŠ¼é«˜æ¯çš„è”ç³»æˆ‘ã€‚",http://tieba.baidu.com/p/4761763338
