"2016ç§‹å­£ä¸´æ²‚åœ°åŒºï¼Œç§Ÿæˆ¿ï¼Œä»“åº“ï¼Œé—¨é¢ï¼Œä¹°å–æˆ¿ä¸“è´´",http://tieba.baidu.com/p/4756979070
"ä¸´æ²‚æåº„ç¤¾åŒº   æˆ¿å±‹ä¸æ‹†é’±  ä¸ç»™åŠ©å­¦é‡‘ç­¾å­—",http://tieba.baidu.com/p/4759079344
"è¯´è¯´ä½ ä»¬ç”¨è¿‡æ—¶é—´æœ€é•¿çš„ä¸œè¥¿ï¼Œæˆ‘å…ˆæ¥ï¼Œè…°å¸¦ç”¨äº†15å¹´äº†ï¼Œæ±‚è¶…è¶Šï¼",http://tieba.baidu.com/p/4763590978
"ä¸´æ²‚åœ°åŒº2016æ‹›è˜æ±‚èŒä¸“è´´ï¼Œå…¶ä»–å¹¿å‘Šè´´äºˆä»¥åˆ é™¤å¤„ç†ã€‚",http://tieba.baidu.com/p/4749872902
"è¯´çœŸçš„ æˆ‘ç”Ÿæ°”å½’ç”Ÿæ°” åƒé†‹å½’åƒé†‹",http://tieba.baidu.com/p/4763129413
"ç‹å°¼ç›ï¼Œæ¥ä¸´æ²‚äº†ï¼ï¼ï¼",http://tieba.baidu.com/p/4763540861
"ã€Šå®ˆæœ›å…ˆé”‹ã€‹ä¸“ä¸šå…«çº§è€ƒè¯•ï¼è¯·è‹±é›„ä»¬é€Ÿé€Ÿè¿›å…¥è€ƒåœº~",http://tieba.baidu.com/p/4756933479
"ä½ å¥½ ç©å…·å¤§é‡ 10ä¸€è¿‘ to",http://tieba.baidu.com/p/4763589695
"è¢«å…«å®¶å­èœ‡äº†ï¼Œå¥½éš¾å—",http://tieba.baidu.com/p/4763480559
"è½¬è®©ä¸€ä¸ª8æˆæ–°çš„å±±åœ°è½¦",http://tieba.baidu.com/p/4763459875
"ä¸´æ²‚ç±³å…°å©šçº±æ‘„å½±æ€ä¹ˆæ ·ï¼Œæœ‰å»æ‹",http://tieba.baidu.com/p/4763588568
"é­…æ—æƒ³å¹²å˜›ï¼Ÿç«Ÿç„¶åŒ…äº†æ–°äº¬æŠ¥ä¸€æ•´ç‰ˆå¹¿å‘Šï¼Œç»™ä¸´æ²‚æ‰“å¹¿å‘Šï¼Ÿ",http://tieba.baidu.com/p/4761723329
"æ–°äººæ±‚å…³æ³¨",http://tieba.baidu.com/p/4717259294
"åŒå­¦çš„çˆ¸çˆ¸æ‚£é‡ç—…ï¼Œæ€¥éœ€ABè¡€æµ†",http://tieba.baidu.com/p/4763585119
"å«æ ¡çš„å¦¹çº¸ ï¼Œï¼Œ200å¿«é¤è´µä¸",http://tieba.baidu.com/p/4763563942
"è¦å¼€å­¦äº†",http://tieba.baidu.com/p/4763557450
"ã€æ±‚åŠ©ã€‘ä¸´æ²‚ä¸‰åŒºæœ‰è°ƒç†ç”Ÿå°ç”·å­©æ¯”è¾ƒå‰å®³çš„å—ï¼Ÿæ€¥æ±‚",http://tieba.baidu.com/p/4763234499
"å–åˆ†æ—¶å¸®äººåŠç†çš„è„±å®¡ï¼Œå®‰å…¨å—",http://tieba.baidu.com/p/4763565588
"æ²‚å—åŒå  é•‡çš„æ¬ é’±ä¸è¿˜å¤§å®¶è®¤è¯†ä¸€ä¸‹",http://tieba.baidu.com/p/4761386495
"ä¸´æ²‚é˜¿æµ©çº¹èº«å¤ªå·® åƒä¸‡ä¸è¦å»",http://tieba.baidu.com/p/4762611170
"å—åŠåŒ—äº¬è·¯é™„è¿‘å“ªé‡Œæœ‰åˆ»ç« çš„",http://tieba.baidu.com/p/4763442129
"è°çŸ¥é“å“ªé‡Œæœ‰å–çŸ­ä¿¡ç”µè¯è½°ç‚¸æœºçš„",http://tieba.baidu.com/p/4471925070
"å·¥ä½œå‡ å¹´ï¼Ÿæ¯•ä¸šå‡ å¹´ï¼Ÿä½ æ‰‹é‡Œå­˜ä¸‹å¤šå°‘é’±ï¼Ÿ",http://tieba.baidu.com/p/4760060597
"ä¸´æ²‚ å“ªé‡Œæœ‰å–å‡ºç§Ÿè½¦ç¥¨çš„å•Š éœ€è¦ä¸¤ä¸ªå¤§é¢ç¥¨ç¥¨  ç•™ä¸‹è”ç³»æ–¹â€¦",http://tieba.baidu.com/p/2327474843
"ä¸´æ²‚å—åŠçˆ±ç´æµ·æˆ¿å­æ€ä¹ˆå•Š",http://tieba.baidu.com/p/4763390710
"æ°”æ­»å•¦ï¼æ¯æ¬¡æ‹‰è‡­è‡­çš„æ—¶å€™éƒ½å…è´¹ç»™æ´—å±å±",http://tieba.baidu.com/p/4763248131
"å¤§ç¾ä¸´æ²‚å“ªæœ‰å«–å¨¼çš„åœ°å„¿",http://tieba.baidu.com/p/4763484430
"æˆ‘æ˜¯æŸä¸ªè€å§å‹ï¼Œæœ‰ä»€ä¹ˆåŠäº‹æ¥å’¨è¯¢æˆ‘ï¼Œæˆ‘ç»™çˆ†æ–™",http://tieba.baidu.com/p/4763262677
"ä¸‡èƒ½çš„ä¸´æ²‚å§å‹çŸ¥é“æœ‰ä»€ä¹ˆæ–¹æ³•èƒ½æ ¹æ²»è…‹è‡­å—ï¼Ÿ",http://tieba.baidu.com/p/4720436176
"å»å“ªå„¿æ—…æ¸¸æ¥",http://tieba.baidu.com/p/4759943373
"é©¬äº‘ä¹Ÿå¼€å§‹åšç¤¾äº¤äº†",http://tieba.baidu.com/p/4763390562
"å¹³é‚‘å…šæ ¡ï¼å¹³é‚‘å…šæ ¡åˆå‡ºå¥‡è‘©äº†ï¼",http://tieba.baidu.com/p/4734238360
"å°å¼Ÿè¿‘æ—¥è·¯è¿‡ä¸´æ²‚ï¼Œç½—ç›çš‡å®«ã€ä¸œæ–¹ç½—é©¬ã€èŠ­å ¤é›…æ´—æµ´ä¸­å¿ƒå“ªä¸ªå¥½å•Šï¼Ÿ",http://tieba.baidu.com/p/471229487
"ä¸´æ²‚å§çš„å§ä¸»ï¼Œ",http://tieba.baidu.com/p/4763435225
"å¤©æ°”è¶Šæ¥è¶Šå‡‰ï¼Œå¤§é•¿è…¿è¶Šæ¥è¶Šå°‘",http://tieba.baidu.com/p/4762926956
"å§é‡Œæœªå©šçš„å°é—ºå¥³ï¼Œéƒ½å¤šå¤§äº†æ¥ï¼Œå«©éƒ½ä¸ºå•¥å‰©åˆ°ç°åœ¨",http://tieba.baidu.com/p/4640236809
"ä¸¤åªçŒ«æ±‚æ–°ä¸»äºº",http://tieba.baidu.com/p/4763209384
"ç¬¬ä¸€æ¬¡å¸¦å‡å‘çœŸå¸¦åŠ²ï¼",http://tieba.baidu.com/p/4760265690
"æˆ‘å†³è…šä¸å†å•ƒè€äº†ã€‚",http://tieba.baidu.com/p/4762994189
"å‚»åŠå¤ªå¤š   ä»Šå¹´æ›´å¤š   è·¯é‡é©¬è·¯æ€æ‰‹æˆ‘ä¹Ÿæ˜¯é†‰äº†",http://tieba.baidu.com/p/4763042890
"å¤§å®¶å¥½",http://tieba.baidu.com/p/4763544850
"å…°å±±åŒºä¸€çªè‹±çŸ­è“çŒ«æ‰¾æ–°å®¶",http://tieba.baidu.com/p/4763558420
"æ–°äººæœ‰å–œæ¬¢çš„å—",http://tieba.baidu.com/p/4763556864
"æ‰¾å·¥ä½œ",http://tieba.baidu.com/p/4763149767
"å…«æœˆåäº”é©¬ä¸Šåˆ°äº†ï¼Œä½ å»è€ä¸ˆäººå®¶çš„èŠ‚ç¤¼ä¹°å¥½äº†å—ï¼Ÿ",http://tieba.baidu.com/p/4763551096
"ä¸´æ²‚çš„è‚¡æ°‘å…„å¼Ÿä»¬å¸®æˆ‘çœ‹çœ‹è¿™ä¸ª",http://tieba.baidu.com/p/4719539239
"åœ¨å“ªæŠ¥åè€ƒä»ä¸šèµ„æ ¼è¯é€šè¿‡ç‡é«˜å•Š",http://tieba.baidu.com/p/4763558414
"äº‹ä¸šèµ·æ­¥ä¸å®¹æ˜“ï¼",http://tieba.baidu.com/p/4763460727
"åˆä»–å¦ˆé‡åˆ°ä¸ªäººæ¸£",http://tieba.baidu.com/p/4762367525
"æƒ³å¼€ä¸ªç½‘åº—å–è¡£æœæ€ä¹ˆæ ·å•Šï¼Ÿ",http://tieba.baidu.com/p/2293857125
"è°æ˜¯å¥èº«æˆ¿çš„äººå‘",http://tieba.baidu.com/p/4761570382
"æ˜å¤©æœ‰å»æ²‚æ²³æ°´ä¸Šä¹å›­ç©çš„å—ï¼Œä¸€èµ·ä¹°çš„å›¢è´­ç¥¨ï¼Œç©ºå‡ºä¸‰å¼ ï¼Œé€šç¥¨ã€‚",http://tieba.baidu.com/p/4763555470
"æˆ‘æœ‰å¥½å¤šè€å§å‹çš„ç…§ç‰‡",http://tieba.baidu.com/p/4763554911
"9æœˆä»½è½¦é™©åˆ°æœŸå¼€å§‹æ”¶å•äº†ã€‚ã€‚ã€‚ã€‚ä¸­ç§‹å¤§å›é¦ˆã€‚ã€‚ã€‚",http://tieba.baidu.com/p/4763501469
"æœ—å…¬å¯ºåœ°é”…é¸¡å¤–å–æ¬¢è¿å¤§å®¶å‰æ¥é¢„å®š",http://tieba.baidu.com/p/4763552589
"æ‹›å·¥",http://tieba.baidu.com/p/4763044523
"æå¹¿åå£è…”å¤ªå‘äººï¼ŒæŠ€æœ¯å·®æ€åº¦å·®",http://tieba.baidu.com/p/4763489043
"ä¸´æ²‚å°å§æŒºå¤šå•Š",http://tieba.baidu.com/p/4705793185
"ä½ ä»¬éƒ½ç»™å®å®å–ä»€ä¹ˆå¥¶ç²‰",http://tieba.baidu.com/p/4757326789
"å§é‡Œæœ‰å¤šå°‘æ˜¯å¹³é‚‘çš„",http://tieba.baidu.com/p/4721281645
"å“ªä¸ªå¸‚åœºæœ‰æ‰¹å‘ä¾¿å®œç‚¹çš„ç«¥è£…å•Š",http://tieba.baidu.com/p/4755397841
"å·¥åœ°ä¸Šæ‘˜çš„é©¬èœ‚çªï¼Œç›´æ¥æ²¹ç‚¸èœ‚è›¹",http://tieba.baidu.com/p/4763340678
"å‰åˆ—è…ºç‚å¥½äº†ï¼Œ å¤‡å­•äºŒèƒ",http://tieba.baidu.com/p/4435579333
"æ¥ç›¸äº²å§ï¼Œ",http://tieba.baidu.com/p/4380951573
"ä½ä»·å¤„ç†å¤šå°ç²¾å“ä¸´æ²‚äºŒæ‰‹éº»å°†æœºï¼Œå“ç›¸å¥½ï¼Œæˆè‰²å¥½",http://tieba.baidu.com/p/4763542044
"æ‰¾ä¸ªå·¥ä½œï¼Œå¸®å¿™è”ç³»è”ç³»ï¼Œä»‹ç»è´¹1000èµ·",http://tieba.baidu.com/p/4752854136
"å¥¹æ˜¯æ±Ÿå—ä¸€å¸¦æœ‰åçš„å¦“ä»–æ˜¯æˆ˜åŠŸæ˜¾",http://tieba.baidu.com/p/4763336362
"è‹å¤©æœ‰çœ¼ï¼Œæ€äººå¿å‘½ï¼Œä¸ºæ°‘é™¤å®³ï¼Œä¸ºé€è€…ç”³å†¤ï¼",http://tieba.baidu.com/p/4752023164
"è®°å¾—ä»¥å‰æˆ‘ä¸€æ³¡å°¿èŠ±äº†1000æ˜¯",http://tieba.baidu.com/p/4704010946
"å±±ä¸œæ”¿æ³•å­¦é™¢å¥½ï¼Ÿè¿˜æ˜¯å±±ä¸œè­¦å¯Ÿå­¦é™¢å¥½ï¼Ÿ",http://tieba.baidu.com/p/4752239761
"å¤ªç‰›äº†",http://tieba.baidu.com/p/4755082591
"æ‹›è˜ä¸‹ï¼Œå§åŠ¡æ‰‹ä¸‹ç•™æƒ…",http://tieba.baidu.com/p/4763206660
"æœ‰æœ¨æœ‰æ²‚æ°´çš„è€ä¹¡",http://tieba.baidu.com/p/4763528980
"æƒ³å¼€ä¸ªæ°´æœåº—ï¼Œæ²¡æ‰¾åˆ°åˆé€‚çš„åœ°æ–¹",http://tieba.baidu.com/p/4754465645
"è¿™æ˜¯ä¸€ä¸ªå¾ˆå±Œçš„ç›´æ’­è´´",http://tieba.baidu.com/p/4731688081
"ä¸´æ²‚å“ªé‡Œæœ‰çº¢ç¯åŒºï¼Ÿ",http://tieba.baidu.com/p/4763335195
"ã€Šå‰‘çµåŒåŸã€‹å¯»æ‰¾å‰‘çµä¸´æ²‚å¸‚åŒºç©å®¶",http://tieba.baidu.com/p/4761270981
"çœŸéƒé—·ï¼Œæ¶åº”æ­»äº†",http://tieba.baidu.com/p/4761955208
"æ±½è½¦è¢«äº¤è­¦æ‰£äº†ï¼Œå¤šä¹…æ”¾è½¦",http://tieba.baidu.com/p/4762370374
"æ±‚è´­ç”µåŠ¨è‡ªè¡Œè½¦ä¸€è¾†",http://tieba.baidu.com/p/4760178078
"å“ªä¸ªå§åŠ¡åˆ é™¤æˆ‘çš„å¸–å­ï¼Ÿæˆ‘çš„é‚£ä¸ªå¸–å­æœ‰é—®é¢˜å—ï¼Ÿ",http://tieba.baidu.com/p/4763531494
"ä¸è¿‡æ²¡å…³ç³»ï¼Œå“ªæ¥é‚£ä¹ˆå¤šä¸€ç”Ÿä¸€ä¸–",http://tieba.baidu.com/p/4762543979
"è£¸å¥”",http://tieba.baidu.com/p/4761462681
"ç»æµé€‚ç”¨æˆ¿",http://tieba.baidu.com/p/4763527285
"ä¸´æ²‚é¡ºé€šæœ¨ä¸šå·¥èµ„å‘æ”¾åŠæ—¶å—?æŠ¼é‡‘ä¸€ä¸ªæœˆçš„å·¥èµ„å¹´åº•ç»“æ¸…å—ï¼Ÿæ€¥å¸Œæœ›çŸ¥",http://tieba.baidu.com/p/4763499608
"æ‰¾å·¥ä½œçš„è¿˜æœ‰æœ¨æœ‰ï¼Œæœ‰çš„è¯è¿›æ¥çœ‹çœ‹",http://tieba.baidu.com/p/4763479082
"çœ‹çœ‹æœ‰è®¤è¯†çš„å—ï¼Ÿ",http://tieba.baidu.com/p/4763525527
"åŠæ­£",http://tieba.baidu.com/p/4352111244
"ä½ æ€ä¹ˆä¸å»æ­»ï¼",http://tieba.baidu.com/p/4763352572
"ä¸‹åˆå››ç‚¹å·¦å³æœ‰æœ¨æœ‰å›é©¬å¤´çš„é¡ºé£è½¦æ¥",http://tieba.baidu.com/p/4762957240
"æ”¶åˆ†ï¼Œå¼€è½¦çš„æœ¬æœ¬æ¯å¹´éƒ½æœ‰åäºŒåˆ†",http://tieba.baidu.com/p/4763476649
"å‡ºç§Ÿè½¦è¿›æ¥ï¼çœ‹å®ˆæ‰€é—¨å£åˆ°ç½—ç¨‹è·¯",http://tieba.baidu.com/p/4763486438
"ç›˜ç‚¹ä¸´æ²‚å§è¿‘å‡ å¹´YPç‹‚é­”",http://tieba.baidu.com/p/4760100419
"æœ‰å“ªä½å¤§ç¥çŸ¥é“èŒ‚ä¸šå’Œå¤§æ¶¦å‘ä¸‹é¢",http://tieba.baidu.com/p/4763510610
"è¿˜èƒ½ç›¸ä¿¡åˆ«äººå—ï¼Œæ­¤ç”·åœ¨å¹¿åœºè¥¿è¾¹å€Ÿæˆ‘æ‰‹æœºæ‰“ç”µè¯å°±å†ä¹Ÿæ²¡å›æ¥",http://tieba.baidu.com/p/4759936282
"åˆšåˆšåœ¨äººæ°‘åŒ»é™¢é—¨å£æ¡åˆ°çš„ï¼ï¼ï¼",http://tieba.baidu.com/p/4763432686
"å…³äºé’æ˜¥ä¸€åœºçˆ±æƒ…æ‰€å¸¦æ¥çš„äº²æƒ…",http://tieba.baidu.com/p/4422535948
"ä¸´æ²­è·¯è¿‡",http://tieba.baidu.com/p/4763514921
"æˆ‘æƒ³æ‰¾ä¸ªå·¥ä½œç¦»å®¶ä¸è¦å¤ªè¿œï¼Œæ¥äº†è€æ¿æŠŠæˆ‘æ‰“åŒ…å¸¦èµ°å§ã€‚",http://tieba.baidu.com/p/4763173510
"é—®ä¸€ä¸‹å„ä½ä¸´æ²‚çš„æœ‹å‹ï¼Œæ¨æ°¸ä¿¡æ­»äº†æ²¡ï¼Ÿä»€ä¹ˆæ—¶å€™æ­»ï¼Ÿ",http://tieba.baidu.com/p/4763432947
"è¿™æ˜¯ä¸ª éª—å­ã€‚éª—å­ ä½ éª—é’± å¿ƒé‡Œå®‰é€¸å—ï¼Ÿ",http://tieba.baidu.com/p/4762885304
"è¾°å­",http://tieba.baidu.com/p/4763513014
"æ±‚è§£ç­”",http://tieba.baidu.com/p/4762464433
"å§å‹ä»¬ä½ èº«è¾¹æœ‰æ€€äº†å­•æ‰¾ä¸åˆ°å­©å­çˆ¹çš„å¥³å­©ï¼Ÿæˆ‘æ„¿æ„æ¥æ‰‹ï¼",http://tieba.baidu.com/p/4729833778
"ä¸è¦é‚£ä¹ˆæ•æ„Ÿï¼Œä¹Ÿåˆ«é‚£ä¹ˆå¿ƒè½¯ã€‚",http://tieba.baidu.com/p/4756274549
"é‹è„äº† ä¸è¦åŸ‹æ€¨è·¯ä¸å¹²å‡€",http://tieba.baidu.com/p/4763489764
"æƒ³å¥èº«ï¼Œæ±‚å¤§ç¥æŒ‡æ•™ï¼Œ165cm54kgå¥³",http://tieba.baidu.com/p/4759699285
"æ€¥éœ€5000å—é’±æ±‚åœŸè±ªå¸®å¸®",http://tieba.baidu.com/p/4762339734
"æ›å…‰è‚‡äº‹é€ƒé€¸è½¦è¾†é²Q782RVï¼Œè¯·å°½å¿«è‡ªé¦–",http://tieba.baidu.com/p/4763482133
"æ¥å‘€,äº’ç›¸ä¼¤å®³å•Šâ€¦â€¦â€¦â€¦â€¦â€¦â€¦â€¦â€¦â€¦â€”â€”â€”â€”â€”â€”â€”â€”",http://tieba.baidu.com/p/4762907065
"çˆ†ç…§â€¦â€¦â€¦â€¦â€¦â€¦â€¦â€¦â€”â€”â€”â€”â€”â€”â€”â€”",http://tieba.baidu.com/p/4761153271
"å¿½ç„¶æƒ³å‘ç…§ç‰‡äº†",http://tieba.baidu.com/p/4756716704
"ç¬¬åå››å±Šä¹¦åœ£æ–‡åŒ–èŠ‚ï¼Œæœ‰ä¸€èµ·å»çš„å—ï¼Ÿ",http://tieba.baidu.com/p/4763505262
"ä¸€ä¸ªäººå°±è¿™ä¹ˆæ²¡äº†â€¦â€¦â€¦â€¦â€¦â€¦",http://tieba.baidu.com/p/4763312300
"å¤§æ–°ä»£å”®ç¥¨å…åœ¨å“ªé‡Œï¼Ÿ",http://tieba.baidu.com/p/4763499732
"5å¹´å››å„¿å­åº—å·¥ä½œç»éªŒï¼Œæ²¡äº‹å¯ä»¥è§£ç­”ä¸‹å§å‹ä»¬çš„æé—®",http://tieba.baidu.com/p/4741452852
"æœ‰è¦æ–¯åœˆè„šå«çš„å—",http://tieba.baidu.com/p/4668269719
"ä¸´æ²‚å…°å±±æœ‰æ¿å¥³å—ï¼Ÿ",http://tieba.baidu.com/p/2274631363
"ä¸­å›½è‚¡å¸‚æŠ•èµ„é«˜å³°è®ºå›åŠè‚¡æƒæŠ•èµ„ç­–ç•¥ç ”è®¨ä¼š2016å¹´å…¨å›½å·¡å›ä¸´æ²‚",http://tieba.baidu.com/p/4763491734
"æ±‚åŠ©   å°ä¼™ä¼´ä»¬æ¥çœ‹çœ‹å•Š",http://tieba.baidu.com/p/4762272240
"æƒ³æƒ³ï¼Œæˆ‘æœ€è¿‘æ˜¯æ€ä¹ˆæ‰›è¿‡æ¥çš„",http://tieba.baidu.com/p/4762636846
"æ¬¢è¿åŠ å…¥16æ•™å¸ˆèµ„æ ¼è¯17äº‹ä¸šç¼–ï¼Œç¾¤å·ç ï¼š541456770",http://tieba.baidu.com/p/4763497535
"è¦ç”Ÿäº†è¦ç”Ÿäº†ã€‚",http://tieba.baidu.com/p/4049561974
"æ˜å¤©ä¸ä¸Šç­ï¼Œæ‰¾ä¸ªå…¼èŒ",http://tieba.baidu.com/p/4726518052
"ä¸´æ²‚æœ‰å–çƒˆé£è‡ªè¡Œè½¦çš„åº—å—ï¼Ÿ",http://tieba.baidu.com/p/4763494031
"2016å¹´9æœˆ11æ—¥å±±ä¸œåŠ›æ˜æ˜¯å­¦æ ¡å¸®å­¦ç”Ÿæ³¨å†Œå—",http://tieba.baidu.com/p/4763493205
"æ·±åœ³è‚¡ç‹å”ä¼Ÿå…ƒ",http://tieba.baidu.com/p/4763488070
"éª—å­",http://tieba.baidu.com/p/4763487794
"æœ‰ç©è”ç›Ÿçš„å˜›ï¼Ÿ",http://tieba.baidu.com/p/4762514740
"ç¦åˆ©æ¥ä¸€æ³¢",http://tieba.baidu.com/p/4739676495
"å±±ä¸œè˜ç”¨å°å­¦æ•™å¸ˆå’Œå°å­¦è¯­æ–‡æ•™å¸ˆæœ‰ä»€ä¹ˆä¸åŒ",http://tieba.baidu.com/p/4763485049
"æ— ä¸šæ¸¸æ°‘è¿›ï¼Œæ‰‡ç‰›é€¼çš„å‹¿æ‰°",http://tieba.baidu.com/p/4763470509
"å‡ºè‡ªå·±ç”¨çš„å¥èº«å¡ï¼Œæ€¥ç”¨é’±å‘è¿™å¸–å­å¸Œæœ›å§åŠ¡é«˜æŠ¬è´µæ‰‹ç«™ä¸€ä¼šå†åˆ ",http://tieba.baidu.com/p/4761479517
"æ‰¾å–œæ¬¢é’“é±¼çš„æœ‹å‹",http://tieba.baidu.com/p/4763333866
"åœ¨ç½‘ä¸€ç©lolçš„æˆ³è¿›æ¥çœ‹çœ‹ã€‚",http://tieba.baidu.com/p/4762933095
"æ§åˆ¶ä¸ä½è‡ªå·±çš„å˜´ï¼Œè¶Šæ¥è¶Šèƒ–",http://tieba.baidu.com/p/4744382588
"å¤§å®¶æœ‰æ²¡æœ‰è®¤è¯†ä»–çš„ï¼Œä»–å«è¢ç†æƒ³ï¼Œé‚£ä¸ªå°å­©å«å´½å´½",http://tieba.baidu.com/p/4763477345
"å±±ä¸œä¸œæµå®å›½æ³°å›å®‰å…¬å¸æ˜¯å’Œæ–°åŠ å¡æœ‰åˆä½œå—",http://tieba.baidu.com/p/4763476577
"ä¸åœ¨æƒ³ä¸€ä¸ªäººï¼Œæƒ³æ‰¾ä¸ªä¾é ï¼Œæƒ³æœ‰ä¸ªå®¶",http://tieba.baidu.com/p/4763451705
"å›æ¥äº†",http://tieba.baidu.com/p/4728866085
"æœ‰æ²¡æœ‰å¹¿å‘Šå…¬å¸ï¼Œå°åˆ·å‚ï¼Œçº¸ç®±å‚å•¥çš„ï¼Ÿ",http://tieba.baidu.com/p/4758490596
"æ‰‹æœºæ¢å¤å‡ºå‚è®¾ç½®å¥½å‡ æ¬¡äº†æ€ä¹ˆè¿˜æ˜¯å¡å•Š",http://tieba.baidu.com/p/4762882769
"æœ‰ç»“ä¼´å»ä¸Šæµ·çš„æ²¡ï¼Ÿ",http://tieba.baidu.com/p/4763060765
"å‘ä¸èµ·ç¦åˆ©å°±åˆ«å‘ï¼",http://tieba.baidu.com/p/4763465121
"ä¸‡èƒ½çš„å§å‹ï¼Œæ±Ÿæ¹–æ•‘æ€¥å•¦ï¼ï¼",http://tieba.baidu.com/p/4763471317
"æƒ³å­¦è½¦ï¼ï¼",http://tieba.baidu.com/p/4763232113
"ä¸´æ²‚çš„æˆ¿ä»·ç°åœ¨ç¯æ¯”æ€ä¹ˆæ ·ï¼Ÿï¼Ÿï¼Ÿ",http://tieba.baidu.com/p/4763465668
"æœ‰è°è¿˜è®°å¾—54898éƒ¨é˜Ÿ",http://tieba.baidu.com/p/2745485342
"æˆ‘æ˜¯æ±Ÿå—çš®é©å‚è€æ¿é»„é¹¤ï¼Œå¼€è´´è®²è®²æˆ‘å’Œå°å§¨å­ç§å¥”çš„æ•…äº‹",http://tieba.baidu.com/p/4763210361
"å±±ä¸œå“ªå®¶è™¾é’ç´ ç”Ÿäº§å‚å®¶æ¯”è¾ƒå¥½",http://tieba.baidu.com/p/4763465311
"æœ‰æ²¡æœ‰è§‰å¾—æ¯å©´å¸‚åœºè¿˜ä¸é”™çš„ï¼Ÿ",http://tieba.baidu.com/p/4752980293
"ç»™6å²çš„å„¿å­æ‰¾ä¸ªçˆ¹",http://tieba.baidu.com/p/4713348876
"ä¸´æ²‚",http://tieba.baidu.com/p/4763218311
"æœ‰å—ï¼Ÿæœ‰å—ï¼Ÿ",http://tieba.baidu.com/p/4763462253
"å«ç”Ÿé—´éš”æ–­",http://tieba.baidu.com/p/4763462139
"æ±‚æ±‚å§ä¸»åˆ«åˆ äº†ï¼Œå·¥ä½œå‹åŠ›å¤§å•Š",http://tieba.baidu.com/p/4763445372
"ä¸´æ²‚å›æ³—é˜³",http://tieba.baidu.com/p/4763452852
"å¹¿åœºé™„è¿‘å“ªé‡Œæœ‰è¿˜ä¿¡ç”¨å¡çš„ï¼Ÿï¼Ÿ",http://tieba.baidu.com/p/4763354328
"å®¶å…»äºŒå“ˆç§‹ç”°",http://tieba.baidu.com/p/4761444714
"æœˆæœˆé«˜æ¶ˆè´¹ï¼Œè›‹ç–¼",http://tieba.baidu.com/p/4763398473
"æ‰¾å·¥ä½œå¥½éš¾å•Šï¼",http://tieba.baidu.com/p/4758786574
"å¥½æ¶ˆæ¯ï¼å­©å­çš„è¿‘è§†çœ¼æœ‰æ•‘å•¦ï¼",http://tieba.baidu.com/p/4763422551
"é¢†å…»å®å®",http://tieba.baidu.com/p/4763449490
"æœ‰å–é‡‘å­çš„å—é«˜ä»·å›æ”¶",http://tieba.baidu.com/p/4763446289
"ä¸´æ²‚é‡‘æºæ•™è‚²åœ¨å“ªé‡Œå‘€",http://tieba.baidu.com/p/4763350293
"æ±‚åŠå‡ å¼ ä¿¡ç”¨å¡",http://tieba.baidu.com/p/4756852401
"è’™å±±é€ç»™è€å¸ˆä»¬çš„ç¦åˆ©æ¥å•¦!",http://tieba.baidu.com/p/4763431761
"ç´§æ€¥æ‹›è˜è½¦å·¥ï¼ï¼ï¼ï¼",http://tieba.baidu.com/p/4763444911
"é€ç»™è€å¸ˆä»¬çš„ç¦åˆ©æ¥å•¦",http://tieba.baidu.com/p/4763441201
"æœ‰è¦çº¢çŸ³æˆ–è€…é’çŸ³çš„ä¹ˆ",http://tieba.baidu.com/p/4763324335
"æœ‰æ¥åŒ—äº¬æ‰¾å·¥ä½œçš„å—ï¼Œä¸–ç•Œè¿™ä¹ˆå¤§ï¼Œè¶å¹´è½»å»èµ°èµ°",http://tieba.baidu.com/p/4763290278
"ç¬¬ä¸€æ¬¡",http://tieba.baidu.com/p/4762496273
"ç§»åŠ¨æœ‰æœ¨æœ‰æ”¹å¥—é¤çš„",http://tieba.baidu.com/p/4712931248
"åšå¤–ç›˜ æ’æŒ‡åŒè¾¹55æ¸¯å¸  åŸæ²¹åŒè¾¹9ç¾é‡‘",http://tieba.baidu.com/p/4763425085
"ä»ä¸´æ²‚ç«è½¦åŒ—ç«™åˆ°æ±½è½¦ç«™ æ€ä¹ˆèµ°",http://tieba.baidu.com/p/4763425370
"æœ‰æ²¡æœ‰äººåœ¨å¸‚åŒºç”¨ç§»åŠ¨ç½‘ç»œç©ç©ç½‘æ¸¸çš„ï¼Ÿ",http://tieba.baidu.com/p/4763273798
"Ué€’æ³¨å†ŒæˆåŠŸè´­ä¹°ä¼šå‘˜å³è¿”20å…ƒé‚€è¯·å¥½å‹å†é€21å…ƒ",http://tieba.baidu.com/p/4763432331
"20å²å¥³ç”Ÿä¸´æ²‚å·¥ä½œå¥½æ‰¾å—ï¼Ÿ",http://tieba.baidu.com/p/4725068280
"æˆ‘ä¸€ä¸ªæµå®çš„å¥½å“¥ä»¬ç»“å©šäº†",http://tieba.baidu.com/p/4753264928
"äººæ°‘å¹¿åœºé™„è¿‘",http://tieba.baidu.com/p/4763407028
"æ±‚å·¥ä½œã€‚",http://tieba.baidu.com/p/4733308631
"æ–°åä¿é™©è¯šè˜é“¶è¡Œé©»ç‚¹äººå‘˜æ•°åï¼Œ",http://tieba.baidu.com/p/4763416621
"æ‹›è˜ä¿ƒé”€å‘˜ï¼Œç”·å¥³ä¸é™ï¼Œåœ¨å°åŒºé‡Œé¢æˆ–è€…é—¨å£åšä¿ƒé”€ å®£ä¼ çš„ï¼Œå·¥èµ„2",http://tieba.baidu.com/p/4762499020
"ä¸´æ²‚çš„è¿‡è·¯è´¹ç»™æŠ¥é”€äº†",http://tieba.baidu.com/p/4763417601
"æ‰¾å·¥ä½œçš„æœ‹å‹è¿‡æ¥çœ‹çœ‹",http://tieba.baidu.com/p/4627742178
"è°çŸ¥é“è¿™äº‹ä»€ä¹ˆé¦™çš‚",http://tieba.baidu.com/p/4763329864
"ç‹å®å¼ºç¦»å©šï¼Œè®©æˆ‘æƒ³åˆ°äº†è¿™ä¸ªæ¡ˆå­",http://tieba.baidu.com/p/4763307962
"æˆ‘æƒ³ç›´æ’­æˆ‘å’Œå¥¹ã€‚",http://tieba.baidu.com/p/4759570524
"å¤šå¹´è¿‡å»äº†ï¼Œä½ æˆ‘è¿˜å•èº«ï¼Œä½ ä»¬è¿˜ç›¸ä¿¡çˆ±æƒ…å—ï¼Ÿ",http://tieba.baidu.com/p/4761903703
"2016ç¬¬äºŒå±Šè’™å±±å›½é™…å¸ç¯·èŠ‚ç¬¬äºŒå­£",http://tieba.baidu.com/p/4763414142
"æ ¹æœ¬ä¸èƒ½ä¹°",http://tieba.baidu.com/p/4762148368
"æœ‰å¤šå°‘è¿˜åœ¨æ‰¾å·¥ä½œçš„å§å‹",http://tieba.baidu.com/p/4763165947
"ä¸´æ²‚å¸‚äººæ°‘åŒ»é™¢æœç„¶æ˜¯æœ€å¥½çš„åŒ»é™¢",http://tieba.baidu.com/p/4728479779
"æˆ‘æƒ³é—®ä¸€ä¸ªé—®é¢˜ï¼Œå…³äºçˆ¶æ¯çš„ã€‚",http://tieba.baidu.com/p/4762898023
"æ²¹åˆæ¶¨ä»·äº†ï¼Œå“ªè¾¹æœ‰æ”¾å¿ƒæ²¹ï¼Ÿ",http://tieba.baidu.com/p/4762908718
"300å¤šå¹´å‰çš„äººï¼Œè¦æ‹¿ç€æªå’Œç‚¸å¼¹å›æ˜æœåšçš‡å¸ï¼Œ å¥½çœ‹ï¼",http://tieba.baidu.com/p/4734193437
"è¡¨å“¥å¨¶äº†ä¸ªè¶Šå—æ–°å¨˜ï¼Œç»“æœå®³æ­»äº†ä¸€æ‘äººï¼ï¼ï¼",http://tieba.baidu.com/p/4753592128
"ä¸´æ²‚éæ´²æ‰‹é¼“äº¤æµç¾¤",http://tieba.baidu.com/p/4763396642
"å¿«çº¦è·‘çš„ï¼ŒåŠ¨èµ·æ¥ã€‚",http://tieba.baidu.com/p/4703454718
"æˆ‘æ²¡æœ‰åˆ å¸–ï¼Œä¸ºä»€ä¹ˆæˆ‘çš„å¸–å­æ˜¾ç¤ºè‡ªå·±åˆ é™¤äº†ï¼Ÿ",http://tieba.baidu.com/p/4763399692
"äººç”Ÿçš„ç¬¬ä¸€æ¬¡åˆ›ä¸šçœ‹æ¥å°±è¦å¤±è´¥äº†",http://tieba.baidu.com/p/4763139829
"å§é‡Œæœ‰äººå–å¹¸è¿ç˜¦çš„å—   ä»£ä»·",http://tieba.baidu.com/p/4763385207
"ä¸“ä¸šæ”¹æ°´ç”µæš–",http://tieba.baidu.com/p/4763227156
"è’™é˜´å¿åŒ»é™¢é›‡ä½£é»‘ç¤¾ä¼šå‹¾ç»“åŸç®¡å¯¹å†›äººå®¶å±å®æ–½åœŸåŒªå¼è¡Œä¸º",http://tieba.baidu.com/p/4763396111
"æµå—å›ä¸´æ²‚",http://tieba.baidu.com/p/4763213318
"ä¸´æ²‚ç²¾ç¥å«ç”Ÿä¸­å¿ƒç”µå‡»äº‹ä»¶",http://tieba.baidu.com/p/4741919718
"é’±æ˜¯å¥½ä¸œè¥¿ï¼Œæ— è®ºåšä»€ä¹ˆéƒ½ç”¨å¾—åˆ°é’±ã€‚",http://tieba.baidu.com/p/4739026310
"å¤§ç¥è§£ç­”ï¼Œè§£æ”¾è·¯é™„è¿‘å“ªé‡Œæœ‰è½¦ä¿®",http://tieba.baidu.com/p/4763347339
"ä¸´æ²‚å¸‚é‡Œçš„æ»´æ»´æ‰“è½¦å¥½å¹²å˜›",http://tieba.baidu.com/p/4760565900
"æ´—åŒ–åŠ³ä¿",http://tieba.baidu.com/p/4194753247
"å¬è¯´é©¾ç…§ç§‘ç›®äºŒåœè€ƒä¸‰ä¸ªæœˆï¼ŸçœŸå‡ï¼Ÿ",http://tieba.baidu.com/p/4556848062
"ç´§æ€¥æ±‚åŠ©ä¸€ä¸ªé—®é¢˜ï¼Œå°é¾™è™¾åˆ°åº•èƒ½åƒå—ï¼Ÿ",http://tieba.baidu.com/p/4745495917
"å¤±æ‹æ¥çš„å¦‚æ­¤çš„å¿«",http://tieba.baidu.com/p/4760797049
"å§é‡Œæœ‰å»å¹´è·‘è·¯çš„ä¸‰å…´æºä»£æ”¶æ¬¾çš„è¿›æ¥ï¼",http://tieba.baidu.com/p/4744290818
"å¤§ç¥ä»¬è°çŸ¥é“ä¸´æ²‚é‚£é‡Œæœ‰çš‚è§’",http://tieba.baidu.com/p/4749934166
"å¯»äººå¯äº‹------åœ¨æµå—åšå…½è¯å¼€å…¬å¸çš„ç‹å¹³",http://tieba.baidu.com/p/4763374730
"æˆ‘å¤§ç¾ä¸´æ²‚å“ªé‡Œæœ‰å–åŠŸå¤«èŒ¶å…·å¥—è£…çš„ï¼Ÿ",http://tieba.baidu.com/p/4762987105
"æœ‰æ²¡æœ‰ï¼Œæƒ³è¦åšèŠ½è‹—èœçš„ï¼Ÿï¼Ÿ",http://tieba.baidu.com/p/4763359419
"åä¸°å•†è´¸åŸä¸œäºŒé—¨1605å®¶çš„å‘¢ä¸ªç¾å¥³æœ‰å¯¹è±¡äº†å—",http://tieba.baidu.com/p/4762510552
"å¬è¯´è´µåœ°æœ‰ä¸ªæ¨æ°¸ä¿¡ï¼Œä»–ç°åœ¨æ€ä¹ˆæ ·äº†ï¼Ÿæˆ‘æ˜¯çœ‹å¾®åšä¸Šé¢çŸ¥é“çš„",http://tieba.baidu.com/p/4763322829
"è°è¦ç»„è£…ç”µè„‘çš„ï¼Ÿï¼Ÿ100å—å°±å¥½ã€‚ã€‚ã€‚",http://tieba.baidu.com/p/4763217945
"ä¸´æ²‚æœ‰ç©éæ´²æ‰‹é¼“çš„å—",http://tieba.baidu.com/p/4763352388
"è¿›å‡ºæ¥è®²å‡ºä½ çš„çœŸå¿ƒè¯",http://tieba.baidu.com/p/4720034098
"åˆ°ç«™ã€‚",http://tieba.baidu.com/p/4763094888
"ç°åœ¨å¹²å•¥èƒ½ç•™ç‚¹é’±Â·Â·Â·æˆ¿å­è½¦å­åšç‚¹ä¹°å–ä¹Ÿæ’‡ä¸äº†å‡ ä¸ªé’±å•Š",http://tieba.baidu.com/p/4763358767
"ä¸´æ²‚åˆ©å®¢è´­ï¼Œè¿˜èƒ½ä¸èƒ½è¡Œï¼Ÿï¼",http://tieba.baidu.com/p/4756064121
"å¯æœ‰å¤–æ´¾æ‰‹å·¥æ´»çš„ï¼Œç•™ä¸‹è”ç³»æ–¹å¼",http://tieba.baidu.com/p/4763174818
"è°èƒ½ç”¨èº«ä»½è¯å·ç æ‰¾åˆ°äººï¼Ÿ",http://tieba.baidu.com/p/4757217003
"å“ªæœ‰å–äºŒæ‰‹å†œç”¨ä¸‰è½®è½¦çš„æŸ´æ²¹çš„ã€‚",http://tieba.baidu.com/p/4763361507
"å¤©çŒ« æ·˜å®çš„è¿›æ¥",http://tieba.baidu.com/p/4385473452
"å¯»æ‰¾åˆæ‹...å¯†æ°¸è±ª",http://tieba.baidu.com/p/4763242579
"å®¶é‡Œé—²ç½®å…„å¼Ÿç‰Œè·‘æ­¥æœº",http://tieba.baidu.com/p/4763295308
"é‚»å±…å®¶çš„ç‹—ç‹—æ€»æ˜¯åœ¨æˆ‘å®¶é—¨å£æ‹‰å±æ€ä¹ˆåŠ",http://tieba.baidu.com/p/4762354407
"å§ä¸»ä¸è¦åˆ è´´ï¼æˆ‘ä¾„å¥³ç¦»å®¶2ä¸ªæœˆè‡³ä»Šä¸ºå›å®¶ï¼å®¶é‡Œäººç‰¹åˆ«ç€æ€¥ã€‚å¸Œæœ›",http://tieba.baidu.com/p/4635398524
"å‡ºæ¥å†’ä¸ªæ³¡ï¼Œä¸‡ä¸€æœ‰äººçœ‹ä¸Šäº†å‘¢ï¼Ÿæœ‰æœ¨æœ‰æ²¡ç¡çš„å‘€",http://tieba.baidu.com/p/4755650069
"å¹¿å¤§å§å‹å¸®å¸®å¿™",http://tieba.baidu.com/p/4762009782
"è£ç››ls-sam1610ç¡’é¼“æ€ä¹ˆçŒç²‰è§†é¢‘",http://tieba.baidu.com/p/4763350282
"å§å‹æœ‰å…³äºæ±½è½¦éŸ³å“ï¼Œæ±½è½¦éš”éŸ³ï¼Œå¯¼èˆªä¹‹ç±»çš„é—®é¢˜è¿›æ¥å…è´¹è§£ç­”",http://tieba.baidu.com/p/4733341787
"è½¦è´·è¿˜å®Œäº†ï¼Œæ—¥ç…§å¯Œåæ‹…ä¿å…¬å¸ä¸€ç›´æ‹–ç€ä¸ç»™é€€ä¿è¯é‡‘",http://tieba.baidu.com/p/4763159723
"æµå—å¸‚æ­£å±€çº§å¹²éƒ¨2015å¹´è¡¥å‘çš„æ–‡æ˜å¥–æœ‰å¤šå°‘",http://tieba.baidu.com/p/4763339217
"ä¸çŸ¥é“æ€ä¹ˆåŠï¼Œæ±‚ä¸“å®¶æŒ‡æ•™",http://tieba.baidu.com/p/4763214563
"89å¹´å¥³ï¼Œæ±‚ä¸€è®¤çœŸå¯¹è±¡",http://tieba.baidu.com/p/4761478954
"è‚–å¥ˆå¤§ç¥æƒ³è¦çš„æ¥",http://tieba.baidu.com/p/4763305597
"è¯šè˜ç”±äºå¤§é™†å•†è´¸æ—¥åŒ–å…¬å¸ä¸šåŠ¡é‡",http://tieba.baidu.com/p/4762831572
"å…°å±±çº¢ç¯åŒº",http://tieba.baidu.com/p/4674520420
"è§£æ”¾è·¯ä¹å·å•†å¦é‚£è¾¹æœ‰ä¸€ä¸ªå¾æ°æŸ”ç»£ è¯·é—®äº²ä»¬æœ‰çŸ¥é“çš„å—",http://tieba.baidu.com/p/1778555558
"åƒé¥­",http://tieba.baidu.com/p/4763268382
"çœ‹çœ‹ä¸åƒäºå“ˆã€‚çœ‹çœ‹ä¸åƒäºã€‚éé»„ã€‚å§åŠ¡å‹¿åˆ ï¼Œæ„Ÿè°¢ã€‚",http://tieba.baidu.com/p/4761928658
"ä¸´æ²‚å…°å±±ï¼ï¼ï¼å“ªé‡Œæœ‰å–·æ¼†å‚å’Œç”µé•€å‚ï¼",http://tieba.baidu.com/p/4753145370
"é•¿å¾—å¥½çš„éƒ½æ¯è…¿ä¸Šäº†ï¼Œé•¿å¾—é«˜çš„éƒ½æ¯è„¸ä¸Šäº†",http://tieba.baidu.com/p/4500279448
"å†’æ­»å·ğŸ‘¯ğŸ‘¯",http://tieba.baidu.com/p/4746934679
"é©¬ä¸Šå¼€å­¦äº†ï¼Œæˆ‘çš„åŒçœ¼çš®è¿˜æ²¡æ¢å¤å¥½~å¥½å®³æ€•é¢å¯¹æˆ‘çš„å­¦ç”Ÿä»¬å–~",http://tieba.baidu.com/p/4761520060
"ä¸ºä»€ä¹ˆå‡è‚¥å…ˆç˜¦èƒ¸å‘¢ï¼Ÿ",http://tieba.baidu.com/p/4762055581
"æ±‚æŒ‡æ•™",http://tieba.baidu.com/p/4763308748
"ä¸´æ²‚é²å—çœ¼ç§‘åŒ»é™¢æ€ä¹ˆæ ·ï¼Ÿ",http://tieba.baidu.com/p/4763227020
"æ—¶æ—¶å½©çœŸæ˜¯å‘äººå‘€",http://tieba.baidu.com/p/3634846346
"ä½ ï¼Œæ¨æˆ‘å—ï¼Ÿ",http://tieba.baidu.com/p/4762509431
"æœ‰æ²¡æœ‰ç”·å§å‹æƒ³å”±æ­Œçš„ï¼Ÿæˆ‘ä»¬çº¦ä¸€",http://tieba.baidu.com/p/4758942262
"å®å®ç¼ºé“æ€§è´«è¡€",http://tieba.baidu.com/p/4762910309
"2016ä¸‹åŠå¹´å¹¿å‘Šä¸“è´´ï¼Œä¹°å–äº¤æ˜“ï¼Œæ°‘ç”Ÿæ±‡é›†ã€‚",http://tieba.baidu.com/p/4696080166
"ä¸´æ²‚çš„ å…„å¼Ÿå§å¦¹ä»¬ æˆ‘è¦å»å¤§åŸå¸‚æ‰“æ‹¼äº†",http://tieba.baidu.com/p/4741650847
"æœ‰æ²¡æœ‰å¥³å­©å»å’Œæˆ‘ä¸€èµ·å»å¤œï¼Œåœºä¸Šç­",http://tieba.baidu.com/p/4753752401
"ä¸´æ²‚çš„å¥³å­©å¥½è…¼è…†ï¼Œåœ¨åä¸°é‡‡è®¿ç«Ÿç„¶å›ç­”çš„éƒ½æ˜¯å¦‚æ­¤è…¼è…†",http://tieba.baidu.com/p/4763287243
"æœ‰ä¸´æ²‚äººåœ¨å‘¨å£å—ï¼Ÿæ‰¾ä¸ªç§å®¶è½¦æˆ–å‡ºç§Ÿè½¦ä»å‘¨å£å›ä¸´æ²‚",http://tieba.baidu.com/p/4763103392
"æ±‚å‘ŠçŸ¥ï¼",http://tieba.baidu.com/p/4758885338
"æ‰¾äººå®é™è‡³è¿œ",http://tieba.baidu.com/p/4763278378
"å‡ºæ‰‹æœºäº†ç¦»çš„è¿›å¯ä»¥å¼€è½¦äº²è‡ªé€å»",http://tieba.baidu.com/p/4763236259
"äºŒæ‰‹åå…«è½®ç¿»æ–—è½¦",http://tieba.baidu.com/p/4762448115
"é…’æ°´ç”Ÿæ„çœŸéš¾åšå•Šï¼Œç«äº‰å¤ªæ¿€çƒˆäº†",http://tieba.baidu.com/p/4762893640
"åˆ†äº«ä¸€ä¸ªæ²¡æœ‰ä¿®å›¾çš„å°èƒ–å­",http://tieba.baidu.com/p/4758065544
"å“ªé‡Œæœ‰ç”Ÿäº§è¿™ä¸ªçš„ã€‚",http://tieba.baidu.com/p/4762843788
"å‘äººã®åœè½¦åœº",http://tieba.baidu.com/p/4760707365
"å¬è¯´è´µåœ°æœ‰ä¸ªæ¨æ°¸ä¿¡  ç‰¹æ¥è†œæ‹œ",http://tieba.baidu.com/p/4761407979
"æ²³ä¸œçš„å¸‚è½¦ç®¡æ‰€å®‰è£…å·ç‰Œçš„åŒå¿—çœŸå‰å®³",http://tieba.baidu.com/p/4763223122
"å¦‚æœè¯´ï¼Œå¥³æ–¹çš„çˆ¶æ¯ä¸ä¸Šç­ï¼Œè¿˜æœ‰ä¸€ä¸ªåå…­ä¸ƒçš„å¦¹å¦¹è¦ä¸Šå­¦",http://tieba.baidu.com/p/4730153836
"æœ‰è¦ç§Ÿæˆ¿å­çš„å—ï¼Ÿ",http://tieba.baidu.com/p/4757977636
"æ–°äººæ±‚å…³ç…§",http://tieba.baidu.com/p/4758077181
"æœ‰å‡ ä¸ªå»é•¿åŸè€ƒè¯•ç§‘ç›®äºŒçš„",http://tieba.baidu.com/p/4757630872
"æ¥å¶é‡ï½",http://tieba.baidu.com/p/4724731300
"æ‰¾ä¸´æ²‚å‰å››åå…«è´§è½¦è¿è´§",http://tieba.baidu.com/p/4763243659
"ä½ è¿˜æ˜¯æ”¾å¼€æˆ‘å§ï¼Œ",http://tieba.baidu.com/p/4763242729
"é“¶è¡ŒåŠä¿¡ç”¨å¡çš„è¿›æ¥",http://tieba.baidu.com/p/4763206059
"æ··èº«ä¸Šä¸‹è¿˜æœ‰3.5å…ƒé’±ï¼Œæ±‚åœŸè±ªç®¡é¥­",http://tieba.baidu.com/p/4762977842
"ä¸´æ²‚æœ‰ä»€ä¹ˆç‰¹äº§å—",http://tieba.baidu.com/p/4753151851
"ç°åœ¨çš„å¥³äººéƒ½çœŸå°æ°”ï¼Œ",http://tieba.baidu.com/p/4763237250
"ã€ç§Ÿæˆ¿ã€‘äººæ°‘å¹¿åœºé™„è¿‘æ±‚æ•´ç§Ÿ",http://tieba.baidu.com/p/4763237126
"ä¸´æ²‚å“ªå®¶é©¾æ ¡å¥½ä¸€ç‚¹ï¼Ÿæƒ³å­¦è½¦",http://tieba.baidu.com/p/4757387207
"æˆ‘å»å•Šè¿™ä¹Ÿå¤ªç¥å¥‡äº†ï¼Œç°åœ¨çœŸæ˜¯å…ˆè¿›å•Šï¼",http://tieba.baidu.com/p/4761525537
"é“¶è¡Œå¡è¢«ç›—åˆ·ï¼Œç”¨æ­¤ä¸€æ‹›å¯è¿½å›ï¼",http://tieba.baidu.com/p/4763108736
"ç”Ÿæ´»æ€»æ˜¯å–œæ¬¢å¼€ç€ç©ç¬‘",http://tieba.baidu.com/p/4763179245
"å¬è¯´ç¾²ä¹‹æ•…å±…ä¸‹è¾¹æœ‰å¢“ï¼Œæ˜¯çœŸçš„å—ï¼Œè°çš„å¢“å•Šï¼Ÿå¤§å—ï¼Ÿ",http://tieba.baidu.com/p/4754676431
"æ”¶äºŒæ‰‹ç”µè„‘ä¸»æœºä¸€å°",http://tieba.baidu.com/p/4758487210
"å“ªé‡Œæœ‰å–2æ‰‹å’Œé¢æœºçš„",http://tieba.baidu.com/p/4762988040
"ä¸ªäººè§‰å¾—åˆ†æ‰‹ã€ç¦»å©šåè¯´å‰ä»»åƒåœ¾çš„éƒ½æ˜¯æ¸£",http://tieba.baidu.com/p/4704291413
"èƒ¡åŸ¹èŠç¥›ç—˜è†æ˜¯å±äºå±±ä¸œèƒ¡æ°å•†è´¸å…¬å¸å—",http://tieba.baidu.com/p/4747727891
"æ±‚è´­ä¸€è¾†äºŒæ‰‹è¸æ¿",http://tieba.baidu.com/p/4763209746
"äººæ´»ç€çœŸç´¯",http://tieba.baidu.com/p/4760899250
"å¸¸ä¸åŒå¥½äº‰é«˜ä¸‹ï¼Œä¸å…±å‚»é€¼è®ºçŸ­é•¿",http://tieba.baidu.com/p/4624149634
"æœˆåº•å»ä¸´æ²‚ç”Ÿæ´»ï½æå‰äº¤æœ‹å‹ï½",http://tieba.baidu.com/p/4727766434
"ä¸´æ²‚å–·å¡‘å‚åœ¨å“ªï¼Ÿï¼ŸçŸ¥é“çš„ç»™æˆ‘ç•™è¨€è°¢è°¢",http://tieba.baidu.com/p/4763190656
"çº¦å—ï¼Ÿåªå¯¹å¥³çš„æ„Ÿå…´è¶£",http://tieba.baidu.com/p/4763205866
"æˆ‘æ»´ä¸ªç¥å‘",http://tieba.baidu.com/p/4748896619
"æœ‰æ²¡æœ‰åŒ»å¸¦ï¼Ÿ",http://tieba.baidu.com/p/4763198772
"è’™é˜´å¿åŒ»é™¢é›‡ä½£é»‘ç¤¾ä¼šå‹¾ç»“åŸç®¡å¯¹å†›äººå®¶å±å®æ–½åœŸåŒªå¼è¡Œä¸º",http://tieba.baidu.com/p/4763163182
"é«˜ç§‘æŠ€è¯ˆéª—ï¼Œæˆ‘ä¹Ÿé‡åˆ°è¿‡è¿™ç§ç±»ä¼¼çš„ï¼Œéƒ½é•¿ç‚¹å¿ƒçœ¼å•Š",http://tieba.baidu.com/p/4757870935
"ä¸Šå­¦äº†",http://tieba.baidu.com/p/4763170754
"æ±‚åŠ© æ€¥  æœ‰çŸ¥é“è¿™ç§ç»ç’ƒå“ªé‡Œæœ‰ç»™æ¢çš„å—",http://tieba.baidu.com/p/4756546929
"ç‹å°¼ç›æ¥ä¸´æ²‚äº†....",http://tieba.baidu.com/p/4763186028
"å¸®æœ‹å‹å¯»æ‰¾å¥³æœ‹å‹å› ä¸ºåµæ¶èµ°äº†äºŒåå…­å¤©äº†å¸Œæœ›å§åŠ¡ä¸è¦åˆ å¸–å­",http://tieba.baidu.com/p/4581024405
"å¥½å¤šå¥³ç”Ÿä¸­æŒ‡ä¸ºå•¥ä¸æ¶‚æŒ‡ç”²æ²¹",http://tieba.baidu.com/p/3100772548
"æœ‰æ‰¾å·¥ä½œçš„é’å¹´å—",http://tieba.baidu.com/p/4763111514
"æŸä¸ªå¹¼å„¿å›­èŠ‚ç›®è¡¨æ¼”å‰ï¼Œææ€–16æ¬¡ï¼Œçœ‹è¿‡çš„çˆ¶æ¯å¿ƒé‡Œåªæœ‰æ„¤æ€’ã€‚",http://tieba.baidu.com/p/4580439960
"å€¾åŸä¸€ç¬‘ä¸ºçŸ¥å·± æ€’å‘å†²å† ä¸ºçº¢é¢œï¼",http://tieba.baidu.com/p/4763181746
"æ‰¾å¯¹è±¡ï¼æ‰¾å¯¹è±¡ï¼é¢†å›å®¶é‚£ç§ï¼è¯¥åˆ¨æœå­äº†ï¼",http://tieba.baidu.com/p/4744344212
"ç”Ÿæ´»æ€»æ˜¯å–œæ¬¢å¼€ç€ç©ç¬‘",http://tieba.baidu.com/p/4763178935
"æƒ…ä¾£èº«é«˜æ­é…",http://tieba.baidu.com/p/4759457867
"æ­¤æ—¶æ­¤åˆ» å¿ƒæƒ… å¿ƒè·¯å†ç¨‹ï¼",http://tieba.baidu.com/p/4763172513
"è°å»è½¦å±•äº†ï¼Œå¸®å¿™æ’’é­”è¾†è½¦",http://tieba.baidu.com/p/4762273519
"æ±‚ç§Ÿ",http://tieba.baidu.com/p/4763149066
"ä¸´æ²­åå…¬äº¤åˆ°ä¸´æ²‚æ‹›å•†é“¶è¡Œåˆ°å“ªä¸‹ï¼Ÿ",http://tieba.baidu.com/p/4761375821
"ä»å‰è½¦é©¬å¾ˆæ…¢ï¼Œä¹¦ä¿¡å¾ˆè¿œï¼Œä¸€ç”Ÿåªå¤Ÿçˆ±ä¸€äºº",http://tieba.baidu.com/p/4750552245
"ä¸´æ²‚å¸‚å…°å±±åŒº ã€ç½—åº„åŒºä¸“ä¸šä¿®å¤é«˜ä¸­æ¡£æ±½è½¦åº”åˆ®ã€ç ¸ã€ç¢°è½¦èº«ä¸Šå‡ºç°",http://tieba.baidu.com/p/4763170943
"ä¸´æ²‚å“ªé‡Œæœ‰ä¿®è½¦çš„åœ°æ–¹ ä¾¿å®œæœ‰å¥½çœ‹é‚£ç§",http://tieba.baidu.com/p/4762740959
"æ˜¯ä¸æ˜¯æˆ‘ä¹Ÿå¾—æ‰¾å¯¹è±¡äº†",http://tieba.baidu.com/p/4757016887
"ä¿ºå·¥ä½œçš„åœ°æ–¹",http://tieba.baidu.com/p/4760047958
"å¿«æ¥çœ‹ï¼ä¸´æ²‚ä¸´æ²­åˆè¦å‡ºç°ç¬¬ä¸‰ä¸ªç¬¬å››ä¸ªå¾ç‰ç‰å®‹æŒ¯å®äº†ï¼",http://tieba.baidu.com/p/4753731773
"è¯´çœŸçš„",http://tieba.baidu.com/p/4763140755
"è°æ„¿æ„è®©æˆ‘ç‰µå¥¹åŒæ‰‹ï¼Œæˆ‘å®šè¿˜å¥¹ä¸€ä¸ªå—·é€¼å—·é€¼å¥½çš„ä¸€ç”Ÿã€‚",http://tieba.baidu.com/p/4763152802
"#ä¸€æ¥¼çŒ®ç»™å›½å®¶#æœ‰æƒ³å­¦åšä¸é”ˆé’¢ï¼Œé“åˆé‡‘é—¨çª—çš„å—ï¼Ÿ",http://tieba.baidu.com/p/4716089616
"ä¿ºå¦ˆå¥½æ€•æŠŠæˆ‘ç ¸æ‰‹é‡Œäº†ğŸ˜³",http://tieba.baidu.com/p/4725382710
"æ¥æ¥æ¥ï¼Œèµ·æœå­äº†ã€‚",http://tieba.baidu.com/p/4763056871
"æ˜å¤©å»åŒ—äº¬å¯æå¸¦4ä¸ªäºº",http://tieba.baidu.com/p/4762910542
"ä½ä»·ç§¯åˆ†åˆ·å¡",http://tieba.baidu.com/p/4763122964
"æ»´æ»´æ»´   æ¥ä¸åŠè§£é‡Šäº†å¿«ä¸Šè½¦",http://tieba.baidu.com/p/4760721474
"æœ‰æŸ¥è¿ç« çš„å—ï¼Ÿ",http://tieba.baidu.com/p/4455072114
"å‡ºç°åœ¨å‡Œæ™¨çš„å°‘å¥³",http://tieba.baidu.com/p/4705083531
"çŒ´å¹´æœ€ä½³ç¤¼å“",http://tieba.baidu.com/p/4763115478
"æƒ…ä¾£é£æœºä¸Šåµæ¶ ç”·å­æ¬²å¼ºå¼€åº”æ€¥èˆ±é—¨æ€è¢«æ‹˜ï¼ˆNO ZUO NO DIE)",http://tieba.baidu.com/p/4763125082
"è·ªæ±‚ï¼åœ¨å“ªé‡Œèƒ½ä¹°åˆ°è¿™äº›é…ä»¶ï¼ï¼ï¼",http://tieba.baidu.com/p/4763015309
"å£çº¢",http://tieba.baidu.com/p/4763123623
"å‡†å¤‡ä¹°è½¦çš„å°±è¿›æ¥é€›é€›å§",http://tieba.baidu.com/p/3953292640
"æˆ‘çš„å®‰ç››å¤©å¹³ç†èµ”é­é‡",http://tieba.baidu.com/p/3513214090
"æ±‚åŠ©å§é‡Œçš„å„ä½å¤§ç¥ï¼Œæœ‰è°çŸ¥é“",http://tieba.baidu.com/p/4763117752
"ç°åœ¨æ‰¾ä¸ªå·¥ä½œçœŸéš¾å•Šï¼Œå¤§å®¶éƒ½æœ‰ä»€ä¹ˆå¥½æƒ³æ³•æ²¡ï¼Œä¸€èµ·æ¥èŠèŠï¼ï¼ï¼",http://tieba.baidu.com/p/4747183425
"ã€é²å—é¬¼äº‹ã€‘è¯´è¯´å’±ä»¬å†œæ‘å…«åå¹´ä»£çš„é¬¼æ•…äº‹",http://tieba.baidu.com/p/4334206173
"â€œå¥½æ­æ¡£â€é±¼å¡˜å¯»è´¢è·¯ ç›—çªƒé²œé±¼50æ¡è¢«æ‹˜ç•™",http://tieba.baidu.com/p/4763104265
"æˆ‘ä¹Ÿå¾ˆæ— èŠï¼Œåç­‰8ã€‚15",http://tieba.baidu.com/p/4763103323
"è¿‡èŠ‚é€ç¤¼çš„é¦–é€‰ä½³å“",http://tieba.baidu.com/p/4763099957
"æƒ³åƒè‡­è±†è…",http://tieba.baidu.com/p/4763090574
"æ±‚ä¸ªåŠ©æ”»å¥½å—ï¼Ÿ",http://tieba.baidu.com/p/4763097788
"ç£æš´æ­¥å…µæ¨æ°¸ä¿¡",http://tieba.baidu.com/p/4763066768
"è°èƒ½ä¹°åˆ°ä½å®¿ç¥¨å•Šï¼Œè·ªæ±‚ä¸‡èƒ½çš„è´´å§ï¼",http://tieba.baidu.com/p/4762663184
"å„ä½ä¸´æ²‚çš„å•†å®¶ä»¬ èƒ½ä¸èƒ½æ¯å¤©æ—©ä¸Šåˆ«æ”¾éŸ©å›½æ£’å­æŠ“é’±èˆ",http://tieba.baidu.com/p/4762904333
"ä¸´æ²‚æµ·åº•ä¸–ç•Œ",http://tieba.baidu.com/p/4763066451
"å§åŠ¡æ±‚æ”¾è¿‡æ±‚è´­å±±æ¥‚",http://tieba.baidu.com/p/4749268559
"ä¸´æ²‚æ²³ä¸œå“ªæœ‰ä¸è¶³å‘€ï¼Œ",http://tieba.baidu.com/p/4760906091
"æ¥å°±æœ‰ç¤¼å“ï¼Œè¿˜æœ‰æŠ½å°†æ´»åŠ¨å¥¥ï¼",http://tieba.baidu.com/p/4763075452
"ä¸Šåˆå¥½ æœ‰æ²¡æœ‰çœ‹å¥½æ¯å©´å¸‚åœºå‰æ™¯çš„ï¼Ÿ",http://tieba.baidu.com/p/4747783803
"äº†è§£ç‹å»·æ±Ÿè¿‘å†µçš„è¿›æ¥å•¦å•¦",http://tieba.baidu.com/p/2924618552
"æ€¥è½¬ï¼ä¸´è¥¿ä¸‰è·¯å¼€é˜³è·¯ã€æ²¿è¡—å°é—¨å¤´ï¼è°¢è°¢ï¼Œã€Šå‹¿åˆ è´´ã€‹",http://tieba.baidu.com/p/4761029630
"èµ”é’±æ€¥è½¬é—¨å¤´ï¼ä¸´è¥¿ä¸‰è·¯å¼€é˜³è·¯åŒ—ä¸‰åç±³è·¯ä¸œå°é—¨å¤´è½¬è®©ï¼å‹¿åˆ å¸–",http://tieba.baidu.com/p/4757784149
"æœ‰æ²¡æœ‰è§‰å¾—æ¯å©´å¸‚åœºå‰æ™¯ä¸é”™çš„ï¼Ÿ",http://tieba.baidu.com/p/4756686409
"æˆ‘ç¦»è¿™é‡Œååˆ†é’Ÿ ç«Ÿç„¶ç°åœ¨æ‰çŸ¥é“",http://tieba.baidu.com/p/4763048804
"éƒ¯åŸå®‰ç››å¤©å¹³å¤ªå‘çˆ¹äº†ï¼Œå»ºè®®ä¸è¦ä¸Šå½“å—éª—ã€‚",http://tieba.baidu.com/p/4763049001
"æ±‚åŠ©  å“ªé‡Œå¤œæ€»ä¼šæ‹›å°‘çˆ·",http://tieba.baidu.com/p/4719709257
"å…¬äº¤é©¾æ ¡æ•™ç»ƒçœŸä¸æ˜¯ä¸œè¥¿ï¼",http://tieba.baidu.com/p/4762460011
"å¤§é‡é‡‘å¸…ï¼Œçº¢å°†å†›ä¸Šå¸‚ï¼Œæ¬¢è¿æ¥æ²‚",http://tieba.baidu.com/p/4762249336
"å’±ä¸´æ²‚åä¸€äºŒæœˆä»½å·¦å³ç©¿ä»€ä¹ˆè¡£æœåˆé€‚ï¼Ÿ",http://tieba.baidu.com/p/4762345142
"ä¸´æ²‚å“ªé‡Œæœ‰å–é‡è¥å¸ç¯·çš„ï¼Ÿæœ‰çŸ¥é“çš„å—ï¼Ÿ",http://tieba.baidu.com/p/4763058203
"æ¬§ç»´è§†çˆ±çœ¼å°è¯¾å ‚å¼€è¯¾å•¦ï¼",http://tieba.baidu.com/p/4763060631
"å •èƒå©´çµå¦‚ä½•æŠ¥å¤æ¯äº²ä¸çˆ¶äº²åŒæ–¹",http://tieba.baidu.com/p/4761899016
"9æœˆ11å·ï¼Œä¸œè¥å»ä¸´æ²‚å¸‚ï¼Œæœ‰ç©ºåº§",http://tieba.baidu.com/p/4760116411
"æ··çœ¼ç†Ÿå•¦",http://tieba.baidu.com/p/4707474341
"æ±‚å·¥ä½œ",http://tieba.baidu.com/p/4762940293
"å…³äºç´ è´¨ã€‚ã€‚ã€‚",http://tieba.baidu.com/p/4763001232
"è½¬è´´:å™¬è¡€ç—‡å®å®äºŸå¾…çˆ±å¿ƒæ•‘åŠ©",http://tieba.baidu.com/p/4763046119
"åˆ«å…‹è‹±æœ—æè½¦ä½œä¸š",http://tieba.baidu.com/p/4757778088
"è¢«äººé—å¿˜çš„å¤©ä»·è™¾",http://tieba.baidu.com/p/4754995346
"å…³äºä¸´æ²‚ç²¾ç¥å«ç”Ÿä¸­å¿ƒçš„å£°æ˜çš„å‡ ç‚¹å¯ç¬‘ä¹‹å¤„ï¼ˆå›¾ï¼‰",http://tieba.baidu.com/p/4746663683
"è®©æˆ‘ä»¬è¡èµ·åŒæ¡¨ï¼Œå°èˆ¹å„¿æ¨å¼€æ³¢æµªã€‚",http://tieba.baidu.com/p/4713479520
"ä¸´æ²‚æœ‰åˆ°è‹å·çš„å®¢è½¦å—ï¼Ÿ",http://tieba.baidu.com/p/4761299567
"æ¯ä¸ªå•ä½éƒ½æœ‰ä¸‰ç§äººï¼Œè¯·å¯¹å·å…¥åº§ï¼",http://tieba.baidu.com/p/4763003158
"æœ‰å¤§ç¥çŸ¥é“æ˜¯è°å—ï¼Ÿ",http://tieba.baidu.com/p/4762414593
"æ‰‹æœºåˆ†æœŸè°æ‡‚ï¼Œæ±‚æ™®åŠã€‚",http://tieba.baidu.com/p/4762993826
"æˆ‘å‘ç°ä¸€ä¸ªé—®é¢˜ï¼Œä¸´å§åªè¦ç¾å¥³çˆ†ä¸ªç…§åˆ†åˆ†é’Ÿ100æ¥¼",http://tieba.baidu.com/p/4741178629
"è‡ªå·±åœ¨å®¶è‡ªåŠ¨åŒ–ç”Ÿäº§çš„é¦™è‚ ï¼Œè‡ªå·±èƒ½åƒè¿˜èƒ½å–ï¼Œä¸€å¹´å°±èƒ½ä¹°è½¦å•¦",http://tieba.baidu.com/p/4758516834
"æ‰‹æŠ¬ä¸èµ·æ¥äº†",http://tieba.baidu.com/p/4762256598
"è´´å§å°½ç„¶æœ‰è¿™æ ·çš„äººç¦½å…½ä¸å¦‚å•Šï¼Œå¯¹æ­»è€…ä¸æ•¬è¿˜åœ¨é‚£é‡Œèƒ¡è¯´å…«",http://tieba.baidu.com/p/4752228513
"æ£åº„é«˜é“ç«™ç§å®¶è½¦ï¼Œæœ‰å»çš„è”ç³»1",http://tieba.baidu.com/p/4763019845
"ä¸“ä¸šç»´ä¿®å„ç§å“ç‰Œæ•°ç ç›¸æœºã€å•åç›¸æœºã€å•åé•œå¤´",http://tieba.baidu.com/p/4762976354
"é¢å¯¹å‰ªåŒ…çš®å……æ»¡å¯’æˆ˜ï¼Œå¦‚ä½•è‡ªæˆ‘è°ƒèŠ‚ï¼Ÿ",http://tieba.baidu.com/p/4752229558
"å¼€å­¦äº†",http://tieba.baidu.com/p/4761150171
"è¯´è¯´ä¹°ç”µåŠ¨è½¦ä¸Šå½“ç»å†,å¤§å®¶å¼•ä»¥ä¸ºé‰´ã€‚",http://tieba.baidu.com/p/3257318072
"æœ‰è°è®¤è¯†è¿™ä¸ªå°å·ã€‚å¤ªTMæ°”äººäº†ã€‚",http://tieba.baidu.com/p/4740764936
"æœ‰æ²¡æœ‰å»è¿‡äº‘å—çš„å§å‹ ç»™æ¨èä¸€ä¸‹æœ‰ä»€ä¹ˆå¥½ç©çš„åœ°æ–¹",http://tieba.baidu.com/p/4762990628
"ç”µå­é…ä»¶å“ªé‡Œæœ‰æ‰¹å‘å¸‚åœº",http://tieba.baidu.com/p/4762837523
"è¯·é—®ä½ ä»¬ä¸´æ²‚å¤©å…ƒé›†å›¢æ€ä¹ˆæ ·",http://tieba.baidu.com/p/2659375580
"æœ‰åœ¨å¤©å…ƒé›†å›¢åšè®¾è®¡çš„ä¹ˆæœºæ¢°æ–¹é¢çš„",http://tieba.baidu.com/p/4762503476
"å±±ä¸œçœ  ä¸´æ²‚å¸‚ å…¨åŸé€šç¼‰",http://tieba.baidu.com/p/4701539322
"è½¦æ²¡ç”µäº†ï¼Œåªæœ‰è½¦é¡¶ç¯æ‰æœ‰å¾®å¼±çš„äº®åº¦ï¼Œè¯¥æ€ä¹ˆåŠ",http://tieba.baidu.com/p/4762849904
"å‡ºå‘çš„æˆ‘",http://tieba.baidu.com/p/4762899368
"ä¸´æ²‚æ²³ä¸œçš„â€¦â€¦å¯ç®¡äº†â€¦â€¦",http://tieba.baidu.com/p/4761864430
"æˆ‘æœ‰ä¸€æ§åˆ¶å™¨ï¼Œï¼ˆå±±ä¸œæ¾æºç”µå­æœ‰é™å…¬å¸å‡ºå“ï¼Œ48V.30A,50",http://tieba.baidu.com/p/4762276709
"ç›´æ’­æ‰¾ç”·æœ‹å‹å•¦ï¼Œ",http://tieba.baidu.com/p/4317617479
"ä¹éš†ç¯å…·å®‰è£…ä»·æ ¼å®æƒ ",http://tieba.baidu.com/p/4762998346
"æœ‰æ²¡æœ‰é‚£ç§é£éªšçš„å¦¹å­ç»™æˆ‘è®¤è¯†ä¸‹",http://tieba.baidu.com/p/4762295697
"ã€ç»éªŒã€‘ä¸´æ²‚å§å¤åˆ¶ç²˜è´´åäº”å­—åŠå…«å›¾ä¸“ç”¨æ°´æ¥¼",http://tieba.baidu.com/p/2947594825
"ä¸´æ²‚å¸‚å“ªé‡Œæœ‰å–å·¥ä¸šæ°§æ°”ï¼ŒäºŒæ°§åŒ–ç¢³æ°”ä½“çš„ã€‚",http://tieba.baidu.com/p/4568020884
"å¤§å®¶æ³¨æ„è¿™ä¸ªäºº",http://tieba.baidu.com/p/4749523519
"å§åŠ¡æ‰‹ä¸‹ç•™æƒ…ã€‚æ‹›é“é”…æŠ›å…‰å·¥",http://tieba.baidu.com/p/4762988773
"#ç‰™ç‰™æ˜Ÿçƒæ¼”å”±ä¼š# æå®‡æ˜¥å€¾æƒ…åŠ ç›Ÿ [ç‰™ç‰™å…³æ³¨]",http://tieba.baidu.com/p/4659483191
"è¿™æ¤ç‰©å«å•¥åã€‚ã€‚",http://tieba.baidu.com/p/4762980932
"ä½ ä»¬çš„èš‚èšèŠ±å‘—æ˜¯å¤šå°‘ï¼Ÿå¯ä»¥æç°å—ï¼Ÿ",http://tieba.baidu.com/p/4181742340
"ä¸´æ²‚å‰åæ±‚ä¸€ä»½ç‚¸åœ°ç“œæ¡ï¼Œ100å—",http://tieba.baidu.com/p/4762981368
"åªæƒ³è¯´ä¸€ä¸‹ä¸´æ²‚ä¹å·è£å¨å››å„¿å­åº—",http://tieba.baidu.com/p/4762697107
"å…­å·ä»è´¹å¿åˆ°ä¸´æ²‚æ¥äººæ¥ç€å»æµå—ï¼äº”äººåŠ è¡Œæï¼Œå¤šå°‘é’±ï¼Ÿ",http://tieba.baidu.com/p/4762984397
"ç§˜åˆ¶å¤æ±ï¼Œå¤å‡ºçš„ç¾å‘³ï¼Œå­¦ä¼šå°±æ˜¯æ‰‹è‰ºï¼Œæƒ³åšç‚¹ç”Ÿæ„å°±å®¹æ˜“ä¸€äº›äº†",http://tieba.baidu.com/p/4762972403
"ä¸´æ²‚å¤§å­¦é™„è¿‘æœ‰æœ¨æœ‰æˆ¿å­å‡ºç§Ÿå•Š",http://tieba.baidu.com/p/4758749823
"ä¸´æ²‚å›å¹³é‚‘å…è´¹æå¸¦äº†ï¼Œèµ¶ç´§æŠ¥åäº†",http://tieba.baidu.com/p/4762976220
"ä¸´æ²‚å¸ƒæ–™æ‰¹å‘åœ¨å“ªé‡Œï¼Œäº²çˆ±çš„ä¸´æ²‚æœ‹å‹ä»¬ã€‚",http://tieba.baidu.com/p/4762892501
"æ¬ºéª—èƒ½å¾—åˆ°ä»€ä¹ˆï¼Ÿ",http://tieba.baidu.com/p/4762971056
"æ±‚è´­",http://tieba.baidu.com/p/4761582857
"ç§‘ç›®äºŒèƒ½è€ƒäº†å§",http://tieba.baidu.com/p/4762966772
"æˆ‘åœ¨ç”µæ¢¯é‡Œå‘†äº†ååˆ†é’ŸåŸå› å°±æ˜¯æˆ‘å¿˜è®°äº†",http://tieba.baidu.com/p/4762888474
"æ—©",http://tieba.baidu.com/p/4762919523
"æ¯ä¸ªå®¿èˆæ¥¼æ¯å±‚éƒ½æ–°å»ºäº†ä¸ªæ·‹æµ´é—´????å¼€å­¦ä¸ä¹…åº”è¯¥å°±å¯ä»¥ç”¨äº†",http://tieba.baidu.com/p/4762969161
"çœ‹åˆ°åˆ˜å¾·åäº†",http://tieba.baidu.com/p/4762960743
"ä¸ºä»€ä¹ˆä¼šè¿™æ ·ï¼Ÿ",http://tieba.baidu.com/p/4759964495
"å¹¿å‘Šä¸Šè¯´æ¬§ç»´è§†å…è´¹é€çœ¼é•œçš„æ´»åŠ¨æ˜¯çœŸçš„å—ï¼Ÿ",http://tieba.baidu.com/p/4762944658
"åä¸°",http://tieba.baidu.com/p/4762921562
"æ‹›è˜å¥³é”€å”®ä¸€åï¼ˆå§ä¸»å‹¿åˆ ï¼‰",http://tieba.baidu.com/p/4762916536
"å½“ä½ è€äº†",http://tieba.baidu.com/p/4762921563
"éƒå¯å”¯-æ—¶å…‰æ­£å¥½ï¼Œæœ‰å–œæ¬¢è¿™é¦–æ­Œçš„å—ï¼Ÿ",http://tieba.baidu.com/p/4761261057
"åˆç§Ÿæˆ¿ï¼åˆç§Ÿæˆ¿ï¼",http://tieba.baidu.com/p/4762941570
"ä½ çœŸçš„æ˜¯ç¬¬ä¸€æ¬¡è°ˆæ‹çˆ±å—ï¼Ÿæ€ä¹ˆè¿™ä¹ˆç†Ÿç»ƒï¼Ÿ",http://tieba.baidu.com/p/4762953747
"é‡‘ä¸ƒè·¯æ²‚å·è·¯é™„è¿‘æœ‰æ²¡æœ‰æ™šä¸Šä¸€èµ·è·‘æ­¥çš„",http://tieba.baidu.com/p/4762905766
"è¿˜æ˜¯è°ˆæ‹çˆ±å¥½ã€‚â€¦â€¦â€¦â€¦â€¦â€¦â€¦â€¦â€¦â€”â€”â€”â€”â€”â€”",http://tieba.baidu.com/p/4762177804
"ä¸´æ²‚å¸‚é•¿å¼ å°‘å†› å”‰",http://tieba.baidu.com/p/638402362
"çœ‹å›¾çŒœæ‰‹æœº",http://tieba.baidu.com/p/4762818618
"å¤§éƒ¨åˆ†çš„äººå¯¹äºä½ çš„é‚£äº›çŸ«æƒ…çš„è¯è¯­",http://tieba.baidu.com/p/4762638360
"ç»™çˆ¶æ¯æ™šå¹´çš„ä¸€ä»½ä¿éšœ",http://tieba.baidu.com/p/4753018256
"ç”Ÿç‰©è´¨è’¸æ±½é”…ç‚‰  è’¸æ±½å‘ç”Ÿå™¨",http://tieba.baidu.com/p/4757926460
"æ—©",http://tieba.baidu.com/p/4762825878
"äº”é™¢æ¿€å…‰ç§‘ä¸€èˆ¬æ”¶è´¹å¤šå°‘",http://tieba.baidu.com/p/4762264837
"èµ¶ç´§æ°´ï¼Œå°±ä¸ä¿¡å‡ä¸åˆ°ä¹çº§ï¼",http://tieba.baidu.com/p/4762503445
"å§é‡Œèƒ½çŒœå‡ºè¿™å››ä¸ªå­—çš„æ²¡å‡ ä¸ª",http://tieba.baidu.com/p/4745255092
"å¿«è¿‡å¹´äº†æ­éœ²ä¸´æ²‚éª—å­ä¸€ä¸ªåå«éƒ­å˜‰",http://tieba.baidu.com/p/4300922241
"ä¸´æ²­åè­¦å¦‚æ­¤æ‰§æ³•è§„èŒƒå—ï¼Ÿ",http://tieba.baidu.com/p/4642074189
"ä½ ä¼šå¯¹ä¸€ä¸ªæ²¡æœ‰ç»“æœçš„äººç—´æƒ…å¤šä¹…ï¼Ÿ",http://tieba.baidu.com/p/4761454485
"è½¬ã€‚ç›´æ’­è¿½å¥³ç”Ÿï¼Œä¼šä¸ä¼šâ€¦â€¦",http://tieba.baidu.com/p/4750476542
"ç›´æ’­å¤§åŸå¸‚å¥‹æ–—ä¸­çš„æˆ‘",http://tieba.baidu.com/p/4742210380
"é—®é—®",http://tieba.baidu.com/p/4708050626
"å’±ä¸´æ²‚å§å‹  æœ‰ç”¨å…‰å¤§çš„ä¿¡ç”¨å¡çš„æ²¡   é—®ä½ ä»¬ç‚¹é—®é¢˜",http://tieba.baidu.com/p/4749422180
"ç°åœ¨å—åŠä»€ä¹ˆåœ°æ–¹å–æ—©é¤çš„äººå°‘ï¼Ÿæˆ–è€…æ²¡æœ‰å–æ—©é¤çš„ï¼Ÿ",http://tieba.baidu.com/p/3971046161
"åˆæ˜¯ä¸€å¹´ç§‹å¤©",http://tieba.baidu.com/p/4761504276
"æœé²œæ²¹ç”»è¯·æ¬£èµ",http://tieba.baidu.com/p/4753179369
"ä¸´æ²‚æ²‚å—97å°ä¼™ç©·æ¸¸ä¸­å›½ï¼ç›´æ’­ï¼",http://tieba.baidu.com/p/4415639761
"è­¦é“¶äº­å±±ä¸œå“ªä¸ªå‚å®¶è´¨é‡é«˜æ•ˆç‡å¿«ï¼Ÿ",http://tieba.baidu.com/p/3555872412
"æ„Ÿè§‰ç”Ÿæ— å¯æ‹å•Šâ€¦â€¦â€¦",http://tieba.baidu.com/p/4762376691
"æœ€è¿‘åˆæ‰“ç®—ä¹°æˆ¿å­çš„å§å‹å—",http://tieba.baidu.com/p/4573605261
"æ±‚æ±‚è­¦å¯Ÿäº†ï¼å¿«æ¥æ•‘æ•‘æˆ‘ï¼",http://tieba.baidu.com/p/4751478321
"é©¾ç…§å¿«åˆ°æœŸæ¥æ¢ç‚¹é’±",http://tieba.baidu.com/p/4759535989
"å‡ºç§Ÿè½¦å…¬å¸æ—©æ™šè¢«æ»´æ»´å…¬å¸æ”¶è´­ï¼Œç«‹è´´ä¸ºè¯ï¼Œå…¨åŸçº¦è½¦ä¸‹å•æ—¢åœ",http://tieba.baidu.com/p/4619703490
"å…”å­å…”å­ èåœèåœåœ¨æˆ‘å®¶",http://tieba.baidu.com/p/4762314435
"ç»™æˆ´è¡¨å§å‹çœŸè¯šåˆ†äº«æ‰‹è¡¨ä¿å…»çŸ¥è¯†",http://tieba.baidu.com/p/4758985855
"ä¸´æ²‚å–ç¡…è—»æ³¥çš„å“ªé‡Œå¤šï¼Ÿ",http://tieba.baidu.com/p/4762911538
"è°çŸ¥é“é‚£ä¸ªé‡‘ä¸–çºªå¤§å¦å—ï¼Ÿ",http://tieba.baidu.com/p/4762874715
"æ±‚å§é‡Œçš„å¤§ç¥æ¨èä¸ªé©¾æ ¡",http://tieba.baidu.com/p/4762653601
"å“ªé‡Œæœ‰æ‰¹å‘ä¸‰è½®è½¦ç»ç’ƒçš„ï¼Ÿ",http://tieba.baidu.com/p/4469494139
"é‚£ä¸ªåœŸè±ªæœ‰çˆ±å¥‡è‰ºä¼šå‘˜å€Ÿç”¨ä¸€ä¸‹ï¼Œå¯ä»˜è´¹",http://tieba.baidu.com/p/4760777922
"ä¸å±äºè‡ªå·±çš„ï¼Œä¸ºä½•è¿˜è¦æ‹¼äº†å‘½çš„å»åœ¨ä¹ã€‚",http://tieba.baidu.com/p/4762552136
"ä¹å¿     æ¯æ—¥ç­¾åˆ°ç­¾åˆ°è´´  åªç­¾åå¹´",http://tieba.baidu.com/p/1068814028
"ä¸´æ²‚å“ªé‡Œèƒ½æ²»å¥½ç—”ç–®ï¼Ÿä¸æƒ³æ‰‹æœ¯",http://tieba.baidu.com/p/4744501739
"æˆ‘æ˜¯çœŸéƒé—·äº†ï¼æ˜¯è°ç»™ä½ çš„ä¼˜è¶Šæ„Ÿâ€¦â€¦",http://tieba.baidu.com/p/3363999882
"æœ‰æ²¡æœ‰æ•™æ‘„å½±çš„è€å¸ˆï¼Œæˆ–è€…è‡ªç”±æ‘„å½±å¸ˆï¼Œæ€¥æ€¥æ€¥ã€‚",http://tieba.baidu.com/p/4762702298
"ä¸´æ²‚åˆ°è´¹å¿æ€ä¹ˆåè½¦ï¼Ÿ",http://tieba.baidu.com/p/4762681166
"ä¸€ä¸å°å¿ƒä¸‰åäº†ï¼Œæ„Ÿè§‰æ‰¾ä¸åˆ°çœŸçˆ±äº†ã€‚ã€‚",http://tieba.baidu.com/p/4582406233
"ä»Šå¤©æˆ‘ä»¬å¤§ç¾ä¸´æ²‚ç©¶ç«Ÿå’‹äº†  å…ˆæ¥ä¸ªè£¸å¥”é€šè¾¾è·¯çš„å“¥ä»¬",http://tieba.baidu.com/p/4761967743
"å•¦å•¦å•¦ï¼Œè¦å»ä¸´æ²‚å•¦",http://tieba.baidu.com/p/4751770120
"æœ‰æ²¡æœ‰ä¸´æ²‚å¸‚å¹³é‚‘å¿çš„   æŠ¥ä¸ªåˆ°å•¦ï¼",http://tieba.baidu.com/p/4762771625
"å–œæ¬¢å°è¸æ¿çš„æ¥",http://tieba.baidu.com/p/4761449475
"æœ‰æ­£ç›´çš„é»„ç‰›å—ï¼Ÿæˆ‘è¦åˆ»å‘åŠ¨æœºå·ç çš„",http://tieba.baidu.com/p/4762863863
"ä¸‹å†°é›¹äº†â€¦â€¦å§é‡Œæ€ä¹ˆæ²¡åŠ¨é™",http://tieba.baidu.com/p/4761833356
"æ²‚æºæ‘æ”¯ä¹¦è‘£å…¶å®éæ³•å¼€é“çŸ¿äºŒåå¹´ï¼Œå°å®˜å¤§è´ªæ— äººç®¡ï¼",http://tieba.baidu.com/p/4178507309
"æ¬å®¶æœ‰äº›ä¸œè¥¿æ²¡æ³•å¸¦",http://tieba.baidu.com/p/4754582707
"æ±‚åŠ©ï¼šæ˜æ—©æœ‰å»ä¸´æœçš„ç§å®¶è½¦éº½ï¼Ÿ",http://tieba.baidu.com/p/4762572844
"ä¸´æ²‚åœ°åŒºåäº”å¤§åœ°æ ‡ï¼Œä½ é€›è¡å®Œå‡ ä¸ªäº†ï¼Ÿ",http://tieba.baidu.com/p/4235324701
"å“ˆå“ˆçœŸæ˜¯ä¸“ä¸€ï¼Œåå‡ å¹´äº†",http://tieba.baidu.com/p/4762621993
"è¶³é‡‘ç°åœ¨å¤šå°‘é’±ä¸€å…‹ï¼Ÿæœ‰çŸ¥é“çš„å—ï¼Ÿ",http://tieba.baidu.com/p/4755958943
"2016å¤§ä¼¸å†¤::ä¸´æ²‚å¸‚ä¸­çº§æ³•é™¢ç–¯ç‹‚åˆ¶é€ å†¤æ¡ˆè°æ¥ç®¡",http://tieba.baidu.com/p/4257573224
"æˆ‘è¦æŠ¥åäº¤è¿é©¾æ ¡äº†ï¼Œ",http://tieba.baidu.com/p/4761485520
"ä¸´æ²‚å“ªé‡Œæœ‰å¤åˆ¶è“ç‰™å¡çš„åœ°æ–¹ï¼Ÿ",http://tieba.baidu.com/p/4760474845
"æœ‰éœ€è¦å½±è§†ä¼šå‘˜çš„å˜›",http://tieba.baidu.com/p/4762614948
"å“ªé‡Œæœ‰ç”Ÿäº§è¿™ä¸ªç»ç’ƒçš„ï¼Ÿ",http://tieba.baidu.com/p/4476543225
"æ€ä¹ˆåœ¨ä¸€ä¸¤å¤©å¿«é€Ÿè·å¾—2000å—é’±å•Šï¼Ÿæ€¥æ€¥ï¼Ÿï¼Ÿ",http://tieba.baidu.com/p/4762137979
"ä¸œåŒ—é‡ç”Ÿæ¦›å­ï¼Œæ¦›è˜‘ï¼Œç¤¼ç›’èŠ‚æ—¥é€ç¤¼ä½³å“ï¼Œ",http://tieba.baidu.com/p/4762849700
"å“ªé‡Œæœ‰ä¸‰è½®è½¦ç»ç’ƒå‚ï¼Ÿ",http://tieba.baidu.com/p/4507938967
